bill_id,patient_id,appointment_id,bill_date,consultation_fee,lab_charges,medicine_charges,discount,insurance_coverage,total_amount,payment_method,payment_status
B0001,P106,A0793,2026-06-05,800.0,1427.19,1276.44,180.99,1156.94,2165.7,Credit Card,Pending
B0002,P047,A1761,2026-06-29,900.0,2806.02,530.26,23.24,952.13,3260.91,Credit Card,Paid
B0003,P189,A0816,2026-12-15,900.0,1836.86,42.42,104.39,108.02,2566.87,Credit Card,Partially Paid
B0004,P218,A0243,2025-08-16,800.0,642.46,1382.43,369.72,334.93,2120.24,UPI,Pending
B0005,P281,A1676,2025-01-05,600.0,1099.18,1229.97,56.35,1656.51,1216.29,UPI,Pending
B0006,P087,A0471,2026-09-17,600.0,948.78,790.61,280.78,670.29,1388.32,Insurance,Paid
B0007,P102,A0501,2026-02-15,900.0,1874.62,723.32,20.34,770.42,2707.18,Debit Card,Pending
B0008,P092,A1712,2026-12-27,600.0,809.17,29.79,222.27,628.84,587.85,Cash,Paid
B0009,P165,A1390,2026-11-16,700.0,2215.62,1690.08,152.1,1143.46,3310.14,Cash,Paid
B0010,P040,A1240,2025-01-09,600.0,1760.89,440.36,143.49,1322.35,1335.41,UPI,Partially Paid
B0011,P174,A0808,2026-02-10,600.0,1363.29,274.21,103.49,1407.46,726.55,Insurance,Partially Paid
B0012,P153,A0902,2025-04-01,1200.0,1230.98,1464.27,238.06,1524.94,2132.25,Debit Card,Paid
B0013,P074,A1867,2026-06-17,700.0,750.52,183.58,397.23,882.9,353.97,Cash,Paid
B0014,P095,A1782,2026-10-05,1200.0,1160.97,1558.69,328.5,587.0,3004.16,Debit Card,Paid
B0015,P037,A0663,2026-07-26,600.0,1955.71,75.32,199.45,1308.18,1123.4,UPI,Paid
B0016,P095,A1779,2025-06-03,1200.0,19.49,1492.45,486.05,439.02,1786.87,UPI,Paid
B0017,P287,A1351,2025-01-11,800.0,1685.21,1677.21,363.75,39.52,3759.15,Credit Card,Partially Paid
B0018,P287,A0805,2026-11-10,1200.0,2696.92,1348.04,351.09,243.06,4650.81,Debit Card,Paid
B0019,P087,A1554,2025-03-31,600.0,2795.21,1837.14,207.19,708.77,4316.39,Debit Card,Pending
B0020,P037,A1473,2025-01-08,700.0,152.35,633.84,43.26,215.88,1227.05,UPI,Pending
B0021,P300,A1243,2026-05-25,700.0,2847.81,1207.68,382.6,49.4,4323.49,Credit Card,Paid
B0022,P249,A0557,2025-05-04,700.0,670.59,1662.6,356.65,486.44,2190.1,Insurance,Paid
B0023,P242,A0322,2026-01-15,900.0,2043.12,569.46,474.07,1830.16,1208.35,Debit Card,Pending
B0024,P138,A1545,2025-07-16,900.0,830.36,1737.58,339.78,370.91,2757.25,Cash,Partially Paid
B0025,P016,A0279,2026-12-27,700.0,2494.15,1002.04,322.35,1373.71,2500.13,UPI,Paid
B0026,P148,A0063,2026-07-13,800.0,1079.61,422.1,395.25,567.7,1338.76,UPI,Pending
B0027,P275,A0029,2026-08-29,900.0,2607.07,1536.1,420.81,370.06,4252.3,Credit Card,Paid
B0028,P078,A1888,2025-08-02,600.0,128.07,1145.1,28.69,1254.91,589.57,Insurance,Paid
B0029,P034,A1874,2026-11-10,800.0,77.48,384.19,213.59,303.87,744.21,Cash,Paid
B0030,P190,A1866,2025-03-07,800.0,1346.34,1237.67,122.17,1476.69,1785.15,Debit Card,Partially Paid
B0031,P159,A0825,2025-10-09,800.0,647.19,740.57,192.08,389.45,1606.23,UPI,Pending
B0032,P143,A0212,2025-08-16,600.0,2020.24,880.14,225.1,1541.19,1734.09,Cash,Partially Paid
B0033,P141,A0550,2026-01-09,800.0,1452.79,870.71,152.49,89.37,2881.64,UPI,Pending
B0034,P129,A0647,2026-10-20,1200.0,2044.7,1257.43,334.37,485.66,3682.1,Insurance,Pending
B0035,P192,A1024,2025-11-12,600.0,2143.48,355.57,280.46,818.57,2000.02,Credit Card,Paid
B0036,P098,A1410,2025-03-10,800.0,2726.13,117.26,276.39,70.08,3296.92,Credit Card,Paid
B0037,P268,A1038,2025-12-11,800.0,513.0,1503.07,404.81,504.47,1906.79,Debit Card,Pending
B0038,P094,A1296,2026-09-14,600.0,1015.78,349.45,179.11,278.32,1507.8,Debit Card,Partially Paid
B0039,P093,A0023,2025-07-13,900.0,1603.55,889.55,287.4,108.54,2997.16,Insurance,Paid
B0040,P122,A1813,2026-11-03,900.0,619.09,1006.58,419.08,1480.59,626.0,Debit Card,Pending
B0041,P131,A1205,2026-06-09,700.0,1078.94,39.6,86.88,1965.3,0.0,Credit Card,Paid
B0042,P209,A1776,2025-06-17,600.0,1420.88,1917.11,425.79,1669.33,1842.87,Debit Card,Partially Paid
B0043,P239,A1255,2025-06-16,700.0,2487.72,791.09,166.66,780.9,3031.25,Credit Card,Pending
B0044,P106,A1266,2026-05-07,700.0,2315.12,1047.58,51.12,1822.02,2189.56,Insurance,Paid
B0045,P196,A0380,2026-06-25,900.0,2011.26,1288.51,161.49,152.6,3885.68,UPI,Paid
B0046,P268,A0260,2026-07-04,800.0,2359.9,1099.63,283.32,1776.88,2199.33,Cash,Pending
B0047,P119,A0753,2025-12-05,900.0,2505.07,326.4,267.96,390.19,3073.32,Cash,Paid
B0048,P045,A0502,2026-04-24,800.0,1073.63,1324.63,61.18,1876.17,1260.91,UPI,Pending
B0049,P120,A0062,2026-08-25,600.0,1825.72,1853.94,477.43,1632.71,2169.52,Insurance,Pending
B0050,P077,A1420,2026-09-16,700.0,1616.42,1625.05,88.93,1031.65,2820.89,Debit Card,Pending
B0051,P129,A0787,2025-11-21,800.0,2120.04,1032.03,4.31,1855.16,2092.6,Insurance,Partially Paid
B0052,P132,A0340,2025-10-05,900.0,2279.05,1716.94,203.58,1870.51,2821.9,UPI,Pending
B0053,P029,A0449,2025-05-30,800.0,811.78,1998.07,299.46,1395.2,1915.19,Cash,Partially Paid
B0054,P189,A0735,2026-07-01,1200.0,2743.12,489.71,181.23,1810.88,2440.72,Credit Card,Partially Paid
B0055,P029,A0210,2026-07-27,800.0,814.42,476.12,271.93,1544.61,274.0,Insurance,Partially Paid
B0056,P171,A1542,2025-01-04,800.0,1591.58,1142.98,33.4,985.26,2515.9,UPI,Pending
B0057,P094,A1453,2026-01-07,600.0,789.67,1463.86,161.11,1546.54,1145.88,Credit Card,Paid
B0058,P025,A0813,2025-11-19,1200.0,2589.62,1966.03,137.01,891.23,4727.41,Cash,Partially Paid
B0059,P123,A1260,2026-08-21,700.0,120.44,1393.42,202.57,1762.3,248.99,Insurance,Partially Paid
B0060,P114,A1807,2025-03-06,700.0,1575.95,1468.69,227.8,1382.77,2134.07,Cash,Partially Paid
B0061,P038,A0863,2025-03-13,900.0,73.23,1651.9,144.01,1595.96,885.16,Cash,Paid
B0062,P098,A0108,2026-10-21,900.0,2615.47,1371.48,114.83,893.53,3878.59,Credit Card,Partially Paid
B0063,P206,A0156,2026-03-18,900.0,2822.04,1979.65,115.34,244.25,5342.1,Cash,Pending
B0064,P280,A0882,2026-04-21,600.0,1846.19,944.6,191.07,1854.43,1345.29,Debit Card,Paid
B0065,P127,A1450,2025-01-27,900.0,2973.71,1339.35,39.34,1420.51,3753.21,UPI,Paid
B0066,P045,A1436,2026-06-26,1200.0,1738.03,946.57,167.32,1038.29,2678.99,Insurance,Pending
B0067,P256,A0514,2025-04-04,800.0,2101.72,580.27,210.83,1631.44,1639.72,Debit Card,Paid
B0068,P180,A0415,2025-10-10,800.0,1881.92,493.72,373.39,1978.98,823.27,UPI,Pending
B0069,P112,A0301,2026-04-07,700.0,1682.03,85.03,381.97,803.76,1281.33,Credit Card,Paid
B0070,P155,A1490,2026-08-15,700.0,2964.38,704.03,334.43,348.01,3685.97,Insurance,Paid
B0071,P040,A0522,2026-07-22,800.0,652.01,984.4,386.21,555.98,1494.22,Insurance,Paid
B0072,P280,A1121,2026-03-22,600.0,1878.76,1777.64,351.78,957.3,2947.32,Cash,Paid
B0073,P111,A1755,2025-09-03,1200.0,2101.58,354.07,239.26,1999.06,1417.33,Debit Card,Partially Paid
B0074,P198,A1082,2026-04-03,1200.0,1560.43,550.35,20.84,1252.66,2037.28,UPI,Partially Paid
B0075,P271,A1226,2026-06-06,900.0,421.22,1002.8,31.2,803.63,1489.19,Insurance,Pending
B0076,P082,A1885,2026-04-14,1200.0,1791.48,1151.95,319.96,1236.69,2586.78,Credit Card,Partially Paid
B0077,P157,A0642,2025-09-16,900.0,757.19,756.82,388.09,1365.1,660.82,Cash,Paid
B0078,P282,A1404,2025-12-23,600.0,1064.48,1583.45,206.22,548.83,2492.88,Debit Card,Paid
B0079,P050,A0387,2025-02-28,1200.0,2697.43,62.8,214.98,1049.07,2696.18,Credit Card,Paid
B0080,P274,A1899,2026-07-18,700.0,2783.85,1290.31,418.75,1964.59,2390.82,Debit Card,Paid
B0081,P140,A1085,2025-10-16,800.0,849.03,737.97,430.42,185.26,1771.32,UPI,Paid
B0082,P266,A1443,2026-07-30,1200.0,1104.57,940.16,236.86,61.22,2946.65,Credit Card,Pending
B0083,P197,A1419,2026-06-11,600.0,2514.79,1821.29,48.08,1086.43,3801.57,Debit Card,Pending
B0084,P017,A0892,2026-05-19,1200.0,142.42,1740.75,67.7,1447.01,1568.46,Cash,Pending
B0085,P122,A1579,2026-09-14,600.0,1108.47,421.99,348.27,1618.07,164.12,Cash,Paid
B0086,P088,A1913,2026-03-04,700.0,2726.58,1640.29,26.68,803.02,4237.17,Debit Card,Partially Paid
B0087,P123,A1260,2026-08-21,700.0,2828.9,1671.38,183.5,1220.6,3796.18,Insurance,Pending
B0088,P166,A0802,2025-09-11,900.0,2869.25,574.85,378.32,578.13,3387.65,Debit Card,Paid
B0089,P038,A0155,2025-11-02,900.0,529.11,110.33,168.38,1179.26,191.8,UPI,Paid
B0090,P136,A0989,2025-05-26,700.0,2632.6,1356.34,332.36,1713.75,2642.83,Insurance,Pending
B0091,P271,A1713,2026-10-20,800.0,2935.98,410.59,314.24,1669.24,2163.09,UPI,Paid
B0092,P288,A0398,2026-07-11,800.0,2530.32,1449.86,168.39,1786.45,2825.34,Cash,Paid
B0093,P095,A1307,2026-12-23,1200.0,1235.44,852.95,334.14,1599.02,1355.23,Cash,Pending
B0094,P089,A1149,2026-08-31,1200.0,1001.84,918.12,215.83,1283.35,1620.78,UPI,Pending
B0095,P284,A1990,2025-05-06,600.0,33.52,1204.57,406.01,743.04,689.04,Debit Card,Pending
B0096,P091,A1195,2026-04-24,600.0,1672.9,349.64,478.71,59.78,2084.05,Cash,Paid
B0097,P079,A1310,2025-12-25,600.0,2951.04,1989.69,270.09,634.85,4635.79,UPI,Partially Paid
B0098,P173,A1090,2025-08-07,900.0,1012.82,49.32,22.76,1193.11,746.27,Credit Card,Paid
B0099,P070,A1817,2026-10-05,1200.0,1018.82,179.72,438.27,483.54,1476.73,UPI,Pending
B0100,P086,A1644,2025-10-15,700.0,2005.63,1698.28,272.7,1473.94,2657.27,Credit Card,Partially Paid
B0101,P253,A0030,2026-09-01,600.0,836.29,241.89,361.07,1858.14,0.0,Cash,Pending
B0102,P003,A0189,2025-07-18,800.0,687.09,1917.98,252.46,1148.52,2004.09,Debit Card,Partially Paid
B0103,P041,A0484,2026-05-11,700.0,1144.33,1309.74,37.73,1173.27,1943.07,Insurance,Paid
B0104,P149,A1434,2025-08-13,800.0,952.03,629.14,148.12,378.0,1855.05,UPI,Paid
B0105,P247,A0527,2025-05-26,600.0,1123.61,1929.08,15.22,7.34,3630.13,Cash,Partially Paid
B0106,P195,A0195,2025-05-01,800.0,1470.39,1679.93,296.6,1866.27,1787.45,Credit Card,Paid
B0107,P010,A1463,2025-02-02,600.0,2888.62,1978.17,288.24,1822.37,3356.18,Insurance,Partially Paid
B0108,P234,A1922,2025-02-25,700.0,16.87,1557.19,42.7,285.08,1946.28,Debit Card,Paid
B0109,P073,A1639,2026-06-13,1200.0,1970.31,1576.89,423.72,990.45,3333.03,Debit Card,Pending
B0110,P053,A0749,2026-04-10,1200.0,2224.97,1170.83,252.63,870.34,3472.83,UPI,Pending
B0111,P027,A0996,2025-10-18,900.0,1753.24,926.74,419.17,967.45,2193.36,Debit Card,Partially Paid
B0112,P100,A0686,2025-11-28,600.0,105.27,1559.85,161.77,1409.18,694.17,Credit Card,Pending
B0113,P289,A0283,2026-01-12,800.0,2109.96,953.73,263.68,1658.2,1941.81,UPI,Paid
B0114,P267,A1156,2026-03-09,1200.0,2746.62,1053.66,438.23,1469.36,3092.69,Insurance,Pending
B0115,P254,A1098,2025-07-30,800.0,9.16,1173.84,402.22,1847.16,0.0,UPI,Partially Paid
B0116,P212,A0990,2026-02-10,900.0,1503.5,281.92,230.97,1298.64,1155.81,Credit Card,Paid
B0117,P243,A1017,2025-12-24,900.0,99.01,1587.08,479.43,657.77,1448.89,Debit Card,Pending
B0118,P142,A1756,2025-06-14,1200.0,2487.16,611.36,329.75,254.02,3714.75,UPI,Paid
B0119,P192,A0075,2025-03-26,700.0,1294.91,1250.27,249.69,1623.04,1372.45,Credit Card,Partially Paid
B0120,P254,A0843,2026-04-16,700.0,506.46,1710.3,492.79,1870.02,553.95,Insurance,Partially Paid
B0121,P066,A1145,2025-06-24,1200.0,2313.17,563.85,77.54,1394.06,2605.42,UPI,Partially Paid
B0122,P045,A0502,2026-04-24,800.0,1472.26,510.6,452.27,302.81,2027.78,Debit Card,Partially Paid
B0123,P101,A1160,2025-04-06,900.0,1204.39,1681.22,234.99,1246.43,2304.19,Debit Card,Partially Paid
B0124,P299,A0745,2025-10-31,1200.0,1310.68,1967.05,260.05,1899.8,2317.88,Credit Card,Paid
B0125,P023,A0249,2026-06-15,800.0,241.04,722.13,118.81,586.25,1058.11,UPI,Paid
B0126,P284,A1365,2026-05-11,800.0,73.54,1887.58,77.72,177.12,2506.28,Cash,Paid
B0127,P276,A1762,2026-04-15,700.0,1345.73,740.31,252.41,161.93,2371.7,UPI,Pending
B0128,P205,A1796,2026-12-10,1200.0,2304.71,1321.81,50.02,443.04,4333.46,Credit Card,Partially Paid
B0129,P241,A1502,2025-01-20,1200.0,778.33,112.06,467.02,1709.62,0.0,Debit Card,Paid
B0130,P259,A1854,2025-01-19,700.0,1343.48,1711.57,280.81,558.0,2916.24,UPI,Pending
B0131,P265,A1104,2025-05-17,900.0,1638.59,474.76,496.68,278.99,2237.68,Debit Card,Pending
B0132,P084,A0217,2025-07-29,900.0,1102.38,146.0,246.29,17.15,1884.94,Insurance,Paid
B0133,P098,A1828,2025-06-30,600.0,2549.18,1828.96,260.27,276.65,4441.22,Cash,Pending
B0134,P134,A1106,2025-06-17,900.0,2839.12,1721.64,0.12,1877.74,3582.9,Credit Card,Paid
B0135,P250,A0294,2026-05-01,800.0,2677.84,1233.99,34.44,877.06,3800.33,Insurance,Paid
B0136,P134,A1328,2025-01-07,900.0,2207.93,326.82,489.46,1372.67,1572.62,Credit Card,Partially Paid
B0137,P189,A0816,2026-12-15,900.0,1531.69,1666.74,434.64,164.59,3499.2,UPI,Paid
B0138,P035,A0247,2026-11-28,900.0,2164.73,558.01,499.12,1148.56,1975.06,Credit Card,Paid
B0139,P185,A1041,2026-08-22,1200.0,1023.77,860.41,325.57,818.15,1940.46,Cash,Paid
B0140,P212,A1119,2025-01-20,800.0,2032.92,1449.05,495.38,1173.61,2612.98,Insurance,Pending
B0141,P156,A1660,2026-01-22,700.0,2196.22,1093.27,270.24,1000.0,2719.25,Debit Card,Pending
B0142,P265,A1778,2026-02-09,900.0,1561.63,135.8,258.48,1832.28,506.67,Insurance,Partially Paid
B0143,P029,A0449,2025-05-30,800.0,2894.5,1679.12,69.06,1455.42,3849.14,Debit Card,Partially Paid
B0144,P147,A1638,2025-10-06,900.0,1132.5,1996.26,286.4,481.01,3261.35,Debit Card,Pending
B0145,P110,A0966,2025-01-30,900.0,1569.08,960.15,402.96,1837.23,1189.04,Debit Card,Paid
B0146,P116,A0761,2026-01-24,700.0,115.12,794.0,481.26,134.29,993.57,Credit Card,Partially Paid
B0147,P257,A0754,2025-04-20,700.0,2768.6,1312.7,348.39,164.2,4268.71,Credit Card,Paid
B0148,P047,A0390,2025-01-02,1200.0,1769.78,741.91,463.24,404.69,2843.76,Credit Card,Paid
B0149,P102,A0579,2025-11-12,900.0,1046.74,391.85,338.52,902.4,1097.67,UPI,Partially Paid
B0150,P203,A0456,2026-11-05,700.0,2043.18,1277.83,270.52,1067.5,2682.99,Cash,Paid
B0151,P100,A1120,2026-04-14,900.0,750.08,1560.92,293.27,289.96,2627.77,Insurance,Partially Paid
B0152,P063,A0801,2026-04-14,800.0,233.75,1430.59,480.49,347.85,1636.0,UPI,Paid
B0153,P104,A0089,2025-10-02,1200.0,701.3,640.7,420.84,1308.24,812.92,Cash,Pending
B0154,P190,A1827,2026-11-14,1200.0,433.78,1287.65,56.97,582.5,2281.96,Insurance,Partially Paid
B0155,P105,A1030,2026-10-09,700.0,1039.85,331.29,230.44,324.25,1516.45,Insurance,Pending
B0156,P233,A0955,2026-12-09,1200.0,87.03,594.36,255.61,1325.36,300.42,UPI,Partially Paid
B0157,P250,A1555,2025-09-19,700.0,882.06,1494.53,26.77,791.97,2257.85,Cash,Pending
B0158,P204,A1818,2025-02-24,1200.0,1457.04,426.42,398.94,1652.31,1032.21,Cash,Paid
B0159,P082,A1716,2026-01-24,900.0,2107.29,89.78,462.61,1873.82,760.64,UPI,Paid
B0160,P267,A0858,2026-10-23,800.0,1837.31,417.63,295.94,921.81,1837.19,Debit Card,Partially Paid
B0161,P183,A1126,2026-01-03,900.0,2069.67,1431.52,23.77,1163.06,3214.36,Cash,Partially Paid
B0162,P034,A1874,2026-11-10,800.0,224.81,1097.04,346.52,895.23,880.1,UPI,Pending
B0163,P288,A0698,2025-03-05,900.0,597.72,239.24,451.4,1453.82,0.0,Insurance,Paid
B0164,P240,A1270,2026-12-26,900.0,850.38,1726.75,280.1,524.88,2672.15,Cash,Partially Paid
B0165,P003,A0189,2025-07-18,800.0,2852.99,1127.96,399.3,680.34,3701.31,UPI,Pending
B0166,P099,A0235,2025-04-15,800.0,837.71,1916.05,165.51,1657.05,1731.2,Insurance,Partially Paid
B0167,P249,A0557,2025-05-04,700.0,2550.15,868.24,48.73,1941.5,2128.16,Insurance,Partially Paid
B0168,P047,A0390,2025-01-02,1200.0,1566.36,1132.37,85.65,297.17,3515.91,Debit Card,Pending
B0169,P235,A1458,2025-05-11,1200.0,1995.49,678.51,370.58,1158.3,2345.12,Credit Card,Pending
B0170,P191,A0224,2025-12-28,600.0,2658.71,1027.83,213.76,1711.06,2361.72,Insurance,Partially Paid
B0171,P203,A0796,2026-11-28,1200.0,1087.73,1270.42,347.79,475.46,2734.9,UPI,Partially Paid
B0172,P162,A1878,2025-04-28,1200.0,376.02,913.74,88.97,1797.43,603.36,Insurance,Partially Paid
B0173,P091,A1195,2026-04-24,600.0,1284.28,380.51,388.4,1174.36,702.03,UPI,Paid
B0174,P056,A1234,2025-12-03,900.0,1679.66,732.25,188.24,1049.49,2074.18,Cash,Partially Paid
B0175,P019,A1233,2026-02-11,800.0,2417.07,1877.84,402.32,39.59,4653.0,Insurance,Pending
B0176,P260,A1805,2026-03-06,900.0,1565.25,649.73,455.19,1561.15,1098.64,UPI,Pending
B0177,P115,A1152,2025-09-27,1200.0,444.82,1912.59,218.0,408.68,2930.73,Debit Card,Partially Paid
B0178,P288,A0398,2026-07-11,800.0,2710.64,579.71,386.13,1357.78,2346.44,Cash,Pending
B0179,P145,A1318,2026-12-13,1200.0,1581.07,520.46,235.77,1510.73,1555.03,Debit Card,Paid
B0180,P055,A1759,2025-12-02,600.0,2327.81,1740.68,432.61,446.18,3789.7,Cash,Partially Paid
B0181,P050,A0040,2026-11-03,600.0,1312.97,433.07,489.27,646.16,1210.61,Debit Card,Pending
B0182,P027,A0819,2026-04-16,600.0,1342.47,393.97,259.15,878.79,1198.5,Cash,Paid
B0183,P051,A0187,2025-12-17,600.0,809.43,399.14,151.27,889.34,767.96,Insurance,Paid
B0184,P256,A1601,2025-03-25,900.0,1615.44,1902.41,319.75,1189.16,2908.94,Credit Card,Partially Paid
B0185,P286,A0351,2026-11-01,800.0,277.26,491.94,498.77,510.87,559.56,UPI,Paid
B0186,P094,A1228,2025-12-11,1200.0,1939.69,1825.58,100.95,257.75,4606.57,Debit Card,Paid
B0187,P125,A0611,2026-11-26,800.0,54.35,717.93,95.15,202.14,1274.99,Debit Card,Pending
B0188,P089,A1851,2025-10-16,600.0,1998.28,47.54,131.84,1007.31,1506.67,UPI,Paid
B0189,P094,A0233,2026-01-03,700.0,1276.15,586.7,247.06,1532.96,782.83,Insurance,Pending
B0190,P039,A1153,2026-05-03,700.0,1858.29,1069.75,249.3,253.05,3125.69,Cash,Partially Paid
B0191,P127,A1258,2025-02-26,700.0,1467.21,112.5,464.27,1708.19,107.25,Credit Card,Pending
B0192,P196,A0380,2026-06-25,900.0,2440.97,276.72,329.54,1148.75,2139.4,Debit Card,Partially Paid
B0193,P225,A0727,2025-10-24,700.0,1812.74,442.21,279.11,1354.06,1321.78,Cash,Paid
B0194,P089,A1107,2025-01-19,600.0,1045.45,1213.96,43.83,864.87,1950.71,Cash,Paid
B0195,P283,A1816,2026-01-11,700.0,1093.69,1621.5,442.42,972.92,1999.85,Credit Card,Paid
B0196,P253,A1723,2026-10-06,700.0,1651.72,553.36,245.28,1269.34,1390.46,Cash,Pending
B0197,P033,A0364,2026-09-02,1200.0,2093.45,1177.09,358.39,1705.5,2406.65,Credit Card,Paid
B0198,P273,A1892,2025-08-02,700.0,2050.3,1302.83,474.53,483.29,3095.31,UPI,Paid
B0199,P233,A0546,2025-12-24,900.0,2723.05,956.03,196.33,1746.09,2636.66,Insurance,Partially Paid
B0200,P049,A1954,2026-07-30,800.0,2847.35,1941.17,115.08,284.19,5189.25,Debit Card,Pending
B0201,P079,A1310,2025-12-25,600.0,2133.3,1028.33,455.73,1191.02,2114.88,Credit Card,Partially Paid
B0202,P055,A0586,2025-03-31,800.0,269.76,1424.86,53.15,1863.77,577.7,Credit Card,Pending
B0203,P234,A1511,2025-02-28,900.0,1022.14,758.11,95.27,1439.39,1145.59,UPI,Pending
B0204,P144,A0690,2025-11-17,700.0,2438.06,1423.87,334.85,355.56,3871.52,Insurance,Partially Paid
B0205,P042,A1371,2025-11-21,1200.0,165.63,871.99,276.62,1700.44,260.56,Cash,Paid
B0206,P292,A1701,2025-02-20,800.0,340.77,1757.92,453.11,58.42,2387.16,Insurance,Pending
B0207,P042,A1910,2026-04-01,700.0,309.0,696.36,209.59,596.21,899.56,Cash,Partially Paid
B0208,P078,A1081,2025-01-17,600.0,2524.95,824.58,213.42,368.35,3367.76,Credit Card,Partially Paid
B0209,P091,A1195,2026-04-24,600.0,2123.26,615.82,33.61,106.17,3199.3,UPI,Paid
B0210,P143,A0376,2026-08-19,900.0,1277.06,15.47,370.03,72.31,1750.19,Debit Card,Pending
B0211,P271,A0725,2026-07-03,800.0,2164.45,1378.9,403.48,166.43,3773.44,Insurance,Partially Paid
B0212,P016,A0353,2025-07-06,900.0,938.5,1601.68,8.65,1427.07,2004.46,Cash,Pending
B0213,P047,A1761,2026-06-29,900.0,480.68,1942.94,48.8,621.48,2653.34,UPI,Partially Paid
B0214,P255,A0895,2025-12-22,600.0,926.11,530.99,451.89,1720.59,0.0,Insurance,Pending
B0215,P159,A1164,2025-10-31,800.0,2433.73,1660.31,493.5,679.07,3721.47,Insurance,Pending
B0216,P127,A0004,2025-07-11,900.0,2413.08,815.66,335.28,1461.65,2331.81,Insurance,Partially Paid
B0217,P082,A1498,2025-12-25,700.0,303.48,840.22,208.46,30.25,1604.99,Cash,Partially Paid
B0218,P168,A0915,2026-12-20,900.0,1792.6,1783.32,360.32,1661.33,2454.27,Credit Card,Pending
B0219,P251,A1028,2025-01-01,700.0,2391.43,506.43,287.58,350.48,2959.8,Cash,Paid
B0220,P296,A1680,2025-08-04,800.0,523.85,122.94,213.45,429.14,804.2,Cash,Pending
B0221,P067,A0506,2025-05-07,700.0,2811.55,1727.78,385.41,172.77,4681.15,Debit Card,Paid
B0222,P091,A1195,2026-04-24,600.0,209.98,1841.84,276.77,1594.76,780.29,Insurance,Paid
B0223,P220,A1427,2025-06-22,1200.0,1246.44,157.06,337.7,844.72,1421.08,Debit Card,Pending
B0224,P198,A0271,2025-11-21,700.0,1365.86,1994.83,116.37,320.62,3623.7,UPI,Partially Paid
B0225,P019,A1879,2026-04-24,600.0,2878.69,58.66,90.64,796.71,2650.0,Credit Card,Paid
B0226,P057,A1426,2026-02-17,900.0,1452.16,996.58,222.39,704.21,2422.14,Cash,Partially Paid
B0227,P101,A1032,2025-12-04,900.0,846.03,853.88,483.4,1170.68,945.83,Cash,Pending
B0228,P267,A0858,2026-10-23,800.0,2589.49,126.89,240.49,424.91,2850.98,Insurance,Paid
B0229,P105,A0494,2026-10-30,700.0,1960.9,1198.16,110.52,212.78,3535.76,Insurance,Paid
B0230,P123,A1225,2025-05-11,700.0,2744.35,510.35,285.76,256.97,3411.97,Cash,Pending
B0231,P171,A0629,2026-11-26,800.0,2467.25,316.2,366.08,1450.8,1766.57,Credit Card,Pending
B0232,P196,A1026,2025-01-31,900.0,1588.42,82.63,400.98,1134.42,1035.65,Debit Card,Partially Paid
B0233,P183,A0712,2026-01-01,600.0,445.2,1034.2,224.6,1777.34,77.46,Insurance,Pending
B0234,P271,A0725,2026-07-03,800.0,2461.99,1756.74,311.64,1967.76,2739.33,UPI,Paid
B0235,P280,A1939,2026-05-18,700.0,1062.74,243.3,365.25,395.45,1245.34,Insurance,Pending
B0236,P033,A0952,2026-10-03,800.0,2533.05,1960.17,251.26,363.73,4678.23,Credit Card,Pending
B0237,P181,A0379,2025-08-25,700.0,2298.23,1605.17,443.61,1052.02,3107.77,Credit Card,Partially Paid
B0238,P203,A0456,2026-11-05,700.0,2659.74,450.09,75.47,1375.01,2359.35,Insurance,Paid
B0239,P274,A1389,2026-05-28,1200.0,103.96,1753.82,64.97,1776.79,1216.02,Cash,Partially Paid
B0240,P214,A0158,2026-05-29,600.0,2610.28,1541.03,389.49,483.53,3878.29,Insurance,Paid
B0241,P130,A0781,2025-11-25,800.0,148.9,356.96,103.27,1956.21,0.0,UPI,Pending
B0242,P277,A1464,2025-08-13,900.0,441.05,649.06,300.96,681.93,1007.22,Debit Card,Paid
B0243,P282,A1856,2025-04-19,700.0,1127.5,633.59,259.88,1047.17,1154.04,UPI,Pending
B0244,P131,A1327,2026-11-18,800.0,1067.3,1140.5,283.94,1480.43,1243.43,UPI,Paid
B0245,P251,A1597,2025-05-12,700.0,1586.91,566.26,257.64,280.83,2314.7,Debit Card,Paid
B0246,P240,A0109,2026-03-08,700.0,2483.89,1420.32,171.07,1866.86,2566.28,Cash,Paid
B0247,P267,A1209,2026-03-26,800.0,2554.86,1248.29,431.85,1643.72,2527.58,Debit Card,Partially Paid
B0248,P286,A0351,2026-11-01,800.0,2729.26,1167.4,174.61,768.24,3753.81,Debit Card,Pending
B0249,P057,A1426,2026-02-17,900.0,2337.05,1407.71,73.01,1165.26,3406.49,Cash,Pending
B0250,P148,A0063,2026-07-13,800.0,528.15,1452.22,363.81,157.26,2259.3,Credit Card,Pending
B0251,P139,A0206,2025-01-05,800.0,1554.17,704.82,382.6,95.06,2581.33,Cash,Pending
B0252,P155,A0478,2026-05-22,600.0,773.78,223.34,283.49,1064.34,249.29,Debit Card,Partially Paid
B0253,P193,A0739,2026-01-31,900.0,1089.43,1480.86,181.0,1911.83,1377.46,UPI,Paid
B0254,P094,A1062,2025-04-20,700.0,2882.8,1992.94,387.91,1305.43,3882.4,Cash,Partially Paid
B0255,P275,A1073,2025-10-05,1200.0,1634.67,1353.02,330.99,1017.41,2839.29,UPI,Pending
B0256,P096,A0649,2026-02-17,800.0,896.72,1855.0,230.45,414.13,2907.14,UPI,Pending
B0257,P056,A1234,2025-12-03,900.0,853.23,1905.56,121.19,1598.22,1939.38,Cash,Paid
B0258,P050,A0810,2026-05-08,1200.0,200.61,1075.65,253.25,732.09,1490.92,Cash,Partially Paid
B0259,P013,A0553,2026-11-27,600.0,814.0,863.55,345.48,1907.09,24.98,Debit Card,Partially Paid
B0260,P087,A0102,2026-07-10,600.0,497.86,245.71,286.55,1471.83,0.0,Debit Card,Partially Paid
B0261,P039,A1079,2026-03-01,900.0,2648.51,684.32,413.7,1806.34,2012.79,Cash,Pending
B0262,P263,A1132,2025-01-14,900.0,2632.77,1490.41,220.92,806.99,3995.27,Debit Card,Pending
B0263,P256,A0539,2025-09-14,700.0,31.67,1015.75,392.69,834.59,520.14,Debit Card,Partially Paid
B0264,P109,A0388,2026-03-25,600.0,742.29,1863.54,16.23,284.59,2905.01,Debit Card,Partially Paid
B0265,P018,A0679,2026-12-01,600.0,2516.32,1948.28,393.73,1910.52,2760.35,Credit Card,Pending
B0266,P068,A1187,2026-10-02,600.0,434.86,441.56,393.69,659.11,423.62,Cash,Paid
B0267,P265,A0414,2025-12-11,900.0,1662.41,608.73,346.96,278.7,2545.48,Cash,Paid
B0268,P142,A1519,2026-01-22,1200.0,21.71,121.95,23.5,1028.58,291.58,UPI,Partially Paid
B0269,P257,A1906,2025-12-25,800.0,1753.01,981.18,427.91,143.04,2963.24,Debit Card,Paid
B0270,P171,A0536,2025-01-11,1200.0,1236.05,1199.3,223.66,1557.55,1854.14,Debit Card,Paid
B0271,P156,A1602,2026-11-11,700.0,1817.16,611.85,477.94,964.55,1686.52,Credit Card,Pending
B0272,P205,A1521,2025-12-09,900.0,182.46,1986.72,192.26,1272.97,1603.95,Insurance,Pending
B0273,P246,A1740,2025-08-30,900.0,1777.63,324.61,358.69,1112.07,1531.48,UPI,Pending
B0274,P143,A0376,2026-08-19,900.0,606.68,1546.73,470.14,1322.88,1260.39,Credit Card,Paid
B0275,P104,A1368,2026-10-22,1200.0,575.05,1139.81,451.07,918.26,1545.53,Debit Card,Paid
B0276,P300,A0174,2025-03-02,1200.0,1726.46,1691.09,200.07,1634.64,2782.84,Insurance,Pending
B0277,P036,A1738,2026-08-22,600.0,2135.28,826.58,385.78,873.81,2302.27,Credit Card,Paid
B0278,P270,A1311,2026-07-19,900.0,984.5,567.14,110.95,303.94,2036.75,Cash,Partially Paid
B0279,P183,A0253,2026-10-28,900.0,2413.94,761.81,24.31,1076.98,2974.46,UPI,Paid
B0280,P024,A0433,2025-06-30,900.0,2345.21,1646.3,192.85,262.31,4436.35,Debit Card,Partially Paid
B0281,P140,A1211,2025-08-19,600.0,2329.28,1354.5,424.9,1229.36,2629.52,UPI,Pending
B0282,P189,A0816,2026-12-15,900.0,2888.87,648.23,123.29,1070.57,3243.24,Insurance,Partially Paid
B0283,P034,A0829,2026-01-04,600.0,2972.72,1003.82,112.23,519.75,3944.56,Debit Card,Pending
B0284,P108,A0999,2026-01-11,800.0,2660.87,406.42,458.15,734.4,2674.74,Cash,Paid
B0285,P275,A1060,2025-07-17,600.0,547.52,1687.22,493.97,1241.73,1099.04,Insurance,Pending
B0286,P224,A1136,2026-07-01,600.0,243.56,1053.68,382.18,1397.25,117.81,Cash,Partially Paid
B0287,P254,A0573,2025-05-12,700.0,2422.29,1175.96,166.74,1585.21,2546.3,Credit Card,Paid
B0288,P117,A0764,2025-12-02,1200.0,118.58,1583.15,414.91,1050.33,1436.49,Debit Card,Paid
B0289,P281,A0924,2026-11-07,900.0,1768.77,1060.7,125.04,1865.95,1738.48,Insurance,Paid
B0290,P054,A0240,2025-07-01,800.0,1385.81,123.38,181.55,1976.73,150.91,Insurance,Paid
B0291,P164,A1348,2025-10-25,800.0,528.5,379.37,96.94,1485.6,125.33,Debit Card,Pending
B0292,P240,A0972,2026-05-09,700.0,1271.87,67.88,266.22,967.54,805.99,Credit Card,Pending
B0293,P171,A1516,2025-12-13,900.0,2826.5,167.52,416.42,1767.43,1710.17,Cash,Partially Paid
B0294,P143,A1606,2026-10-24,600.0,1457.76,1818.43,189.62,1199.93,2486.64,Debit Card,Pending
B0295,P162,A1414,2026-04-11,900.0,747.19,1522.67,184.62,938.77,2046.47,UPI,Paid
B0296,P169,A0648,2025-12-10,700.0,2133.32,857.92,252.19,37.62,3401.43,Credit Card,Paid
B0297,P265,A0414,2025-12-11,900.0,2859.46,959.35,104.13,1657.28,2957.4,Cash,Partially Paid
B0298,P200,A0220,2025-12-24,900.0,1699.92,207.0,261.57,1222.33,1323.02,Credit Card,Pending
B0299,P004,A0718,2026-10-21,600.0,1600.56,519.47,116.25,1876.05,727.73,UPI,Partially Paid
B0300,P176,A1500,2025-11-22,900.0,1466.23,1247.91,247.72,1729.98,1636.44,Debit Card,Partially Paid
B0301,P101,A0713,2026-06-20,700.0,90.03,1365.28,320.11,1859.9,0.0,UPI,Partially Paid
B0302,P019,A0589,2025-09-14,900.0,2028.31,1399.02,312.72,1135.65,2878.96,Cash,Partially Paid
B0303,P046,A0878,2025-12-17,600.0,2266.74,572.86,236.74,1076.01,2126.85,Cash,Paid
B0304,P130,A0205,2026-03-15,800.0,2533.9,1344.52,178.68,615.57,3884.17,Insurance,Pending
B0305,P153,A1481,2025-07-30,700.0,1761.08,528.08,225.8,1424.18,1339.18,UPI,Partially Paid
B0306,P053,A0297,2026-12-12,700.0,1866.54,1892.92,83.9,378.74,3996.82,Insurance,Partially Paid
B0307,P096,A0649,2026-02-17,800.0,1343.52,404.57,178.35,1559.5,810.24,UPI,Paid
B0308,P150,A0780,2026-01-09,700.0,2764.21,1735.21,23.73,1926.41,3249.28,UPI,Pending
B0309,P154,A1647,2025-06-29,600.0,344.56,551.69,80.59,1195.99,219.67,Credit Card,Partially Paid
B0310,P019,A1233,2026-02-11,800.0,2230.1,1462.09,451.65,807.46,3233.08,Insurance,Partially Paid
B0311,P150,A0901,2025-04-11,1200.0,2708.05,141.27,451.51,592.18,3005.63,Debit Card,Partially Paid
B0312,P262,A0306,2025-10-19,600.0,1747.04,1015.78,301.4,284.51,2776.91,UPI,Pending
B0313,P071,A1559,2025-05-10,1200.0,1810.67,496.34,409.8,1208.72,1888.49,UPI,Partially Paid
B0314,P239,A1947,2025-07-03,600.0,1155.18,1350.73,70.96,1796.98,1237.97,Debit Card,Paid
B0315,P027,A0674,2025-11-04,600.0,864.56,576.96,57.89,417.51,1566.12,Cash,Paid
B0316,P141,A0513,2025-05-22,1200.0,1322.66,1618.36,213.57,903.06,3024.39,UPI,Pending
B0317,P229,A0570,2026-09-12,1200.0,2934.99,1681.66,132.22,183.75,5500.68,Credit Card,Partially Paid
B0318,P074,A0107,2026-05-29,700.0,2997.12,591.07,292.39,951.99,3043.81,UPI,Partially Paid
B0319,P178,A1528,2025-09-11,1200.0,1646.84,167.92,390.57,1964.32,659.87,Credit Card,Paid
B0320,P190,A1866,2025-03-07,800.0,2112.72,141.14,370.4,69.32,2614.14,Credit Card,Paid
B0321,P114,A0838,2025-04-05,700.0,210.91,958.55,326.59,288.09,1254.78,Cash,Paid
B0322,P215,A0196,2025-10-09,800.0,1169.96,227.41,85.95,1677.62,433.8,Debit Card,Partially Paid
B0323,P289,A0112,2025-08-21,700.0,2517.53,1387.18,200.74,86.71,4317.26,Cash,Pending
B0324,P090,A1857,2025-09-17,900.0,8.39,236.64,412.59,1976.96,0.0,Insurance,Pending
B0325,P289,A1979,2026-10-25,600.0,497.95,1985.22,61.28,1119.4,1902.49,Insurance,Partially Paid
B0326,P188,A0344,2025-01-26,700.0,1511.61,187.84,496.92,1375.6,526.93,Cash,Pending
B0327,P160,A1071,2026-11-29,800.0,1768.12,822.98,288.24,678.02,2424.84,UPI,Pending
B0328,P180,A0738,2025-03-30,1200.0,601.18,1916.12,461.69,1517.87,1737.74,Credit Card,Pending
B0329,P111,A0051,2025-01-25,700.0,183.2,1792.46,340.81,1150.09,1184.76,Cash,Partially Paid
B0330,P089,A1626,2025-03-20,800.0,2517.1,1926.06,36.14,64.79,5142.23,Insurance,Paid
B0331,P011,A1941,2026-03-15,700.0,1343.97,678.2,86.68,1121.1,1514.39,UPI,Paid
B0332,P158,A1461,2025-12-22,800.0,1818.62,316.84,153.38,160.61,2621.47,Debit Card,Paid
B0333,P235,A1478,2025-06-07,600.0,1584.63,696.47,425.52,285.74,2169.84,Credit Card,Pending
B0334,P085,A0230,2025-02-07,600.0,1708.24,1063.89,95.51,1333.91,1942.71,Credit Card,Pending
B0335,P292,A0928,2026-06-28,700.0,80.64,455.29,271.66,1181.21,0.0,Cash,Paid
B0336,P125,A0593,2025-05-23,900.0,1648.14,1426.47,298.73,594.55,3081.33,Insurance,Paid
B0337,P140,A1085,2025-10-16,800.0,2547.39,1341.62,436.36,675.28,3577.37,Debit Card,Partially Paid
B0338,P175,A1047,2026-06-12,900.0,2450.06,1015.8,194.15,133.24,4038.47,Debit Card,Partially Paid
B0339,P067,A0270,2026-08-14,900.0,1138.24,1368.65,177.23,1171.73,2057.93,Insurance,Pending
B0340,P087,A0804,2025-02-21,800.0,640.75,683.22,28.87,298.1,1797.0,Credit Card,Pending
B0341,P193,A0739,2026-01-31,900.0,2232.58,1957.95,491.61,1514.63,3084.29,Debit Card,Partially Paid
B0342,P202,A1269,2025-03-28,600.0,2341.27,1908.87,485.89,1172.12,3192.13,UPI,Partially Paid
B0343,P062,A1387,2026-06-11,600.0,2919.27,383.11,243.92,1293.92,2364.54,UPI,Paid
B0344,P254,A1812,2026-07-29,1200.0,1875.8,1930.63,36.99,608.09,4361.35,UPI,Paid
B0345,P182,A0116,2025-08-13,800.0,1623.38,1611.17,207.38,1259.43,2567.74,Insurance,Pending
B0346,P250,A1510,2026-11-15,1200.0,1126.64,1367.59,42.73,1422.93,2228.57,Cash,Pending
B0347,P168,A1290,2025-05-01,700.0,1772.53,1122.46,194.86,805.53,2594.6,Credit Card,Pending
B0348,P105,A1911,2026-11-06,600.0,1341.5,1145.79,290.09,607.43,2189.77,UPI,Partially Paid
B0349,P092,A1712,2026-12-27,600.0,1925.18,649.85,84.33,1152.4,1938.3,Debit Card,Pending
B0350,P294,A0822,2025-07-29,700.0,1818.68,1452.85,32.79,1073.51,2865.23,Cash,Partially Paid
B0351,P127,A1069,2025-03-30,900.0,2841.21,1227.2,129.34,65.02,4774.05,Credit Card,Pending
B0352,P106,A0746,2026-05-10,900.0,615.17,9.39,57.91,1653.35,0.0,Insurance,Pending
B0353,P194,A1576,2025-09-24,800.0,1612.63,497.43,323.93,657.74,1928.39,Debit Card,Pending
B0354,P288,A1574,2026-09-09,700.0,2219.76,593.89,323.44,780.22,2409.99,Cash,Pending
B0355,P070,A1373,2025-08-22,600.0,2937.42,1295.61,65.46,373.2,4394.37,Debit Card,Pending
B0356,P074,A0039,2025-06-20,1200.0,2043.08,403.26,268.29,1745.7,1632.35,Credit Card,Paid
B0357,P246,A0973,2025-03-31,800.0,2246.7,294.57,35.58,1976.26,1329.43,Cash,Partially Paid
B0358,P215,A1940,2026-04-03,1200.0,46.93,992.87,213.09,1194.03,832.68,UPI,Pending
B0359,P242,A0065,2026-03-31,900.0,2047.89,1019.35,307.06,644.46,3015.72,Credit Card,Paid
B0360,P110,A0966,2025-01-30,900.0,2359.17,0.57,447.41,1579.4,1232.93,Debit Card,Partially Paid
B0361,P263,A0215,2025-01-21,600.0,1416.51,1820.36,188.46,729.53,2918.88,Credit Card,Partially Paid
B0362,P292,A0783,2026-05-30,700.0,38.42,1617.52,390.89,1142.07,822.98,UPI,Pending
B0363,P214,A1640,2026-02-09,800.0,949.98,1003.26,73.68,1111.09,1568.47,Cash,Pending
B0364,P156,A1602,2026-11-11,700.0,2877.98,47.02,373.51,1033.24,2218.25,Insurance,Partially Paid
B0365,P173,A1881,2025-02-05,600.0,803.41,841.07,138.47,1739.47,366.54,Credit Card,Paid
B0366,P181,A0847,2025-05-22,800.0,56.38,1750.33,334.1,1154.02,1118.59,Cash,Pending
B0367,P098,A1828,2025-06-30,600.0,1605.37,150.94,347.25,817.56,1191.5,Cash,Paid
B0368,P012,A1353,2025-11-29,600.0,2675.36,359.28,368.88,1024.01,2241.75,Insurance,Pending
B0369,P020,A1250,2026-04-24,600.0,2418.56,891.87,18.86,1432.17,2459.4,Cash,Pending
B0370,P292,A0374,2026-05-25,800.0,992.85,1530.63,178.65,1074.9,2069.93,Cash,Pending
B0371,P035,A0899,2025-09-02,700.0,1168.33,1152.33,8.53,179.99,2832.14,Credit Card,Paid
B0372,P058,A1203,2026-04-17,800.0,437.33,1062.79,177.42,1556.09,566.61,Insurance,Partially Paid
B0373,P027,A0819,2026-04-16,600.0,381.24,390.34,443.73,668.4,259.45,Credit Card,Partially Paid
B0374,P259,A1128,2025-02-05,800.0,599.41,1975.25,280.17,1998.8,1095.69,Insurance,Paid
B0375,P115,A0054,2026-07-28,600.0,1224.23,840.13,357.8,121.89,2184.67,Debit Card,Pending
B0376,P300,A1829,2026-01-07,1200.0,1057.8,1356.25,135.19,1549.06,1929.8,Insurance,Partially Paid
B0377,P254,A0843,2026-04-16,700.0,2356.67,315.04,164.2,563.4,2644.11,Debit Card,Partially Paid
B0378,P112,A0598,2025-01-01,700.0,2580.66,1590.11,184.41,588.89,4097.47,UPI,Pending
B0379,P099,A1124,2025-04-20,1200.0,2603.74,1379.18,453.12,510.04,4219.76,Insurance,Paid
B0380,P131,A1928,2026-05-04,1200.0,2675.89,686.38,241.98,675.92,3644.37,Credit Card,Paid
B0381,P260,A1718,2026-09-30,1200.0,1579.6,1366.31,479.89,1366.26,2299.76,UPI,Paid
B0382,P153,A1321,2026-01-19,600.0,1922.83,1961.56,482.96,1169.81,2831.62,Credit Card,Pending
B0383,P166,A1695,2025-06-13,900.0,1122.12,1982.62,381.23,1390.95,2232.56,Credit Card,Pending
B0384,P236,A1719,2025-03-01,800.0,988.16,1033.47,148.86,1875.67,797.1,UPI,Paid
B0385,P286,A0496,2025-09-29,900.0,1046.21,1298.33,447.21,1439.65,1357.68,UPI,Paid
B0386,P106,A0334,2025-12-21,800.0,118.82,440.42,115.3,214.74,1029.2,UPI,Partially Paid
B0387,P109,A1802,2026-01-02,1200.0,500.17,1326.43,330.07,607.13,2089.4,Debit Card,Pending
B0388,P299,A1631,2025-12-12,800.0,375.0,137.12,158.52,940.54,213.06,Cash,Pending
B0389,P061,A0740,2025-04-08,600.0,685.97,612.24,351.59,1635.48,0.0,Insurance,Partially Paid
B0390,P096,A1564,2026-08-02,1200.0,2546.07,288.23,364.8,1284.36,2385.14,Credit Card,Paid
B0391,P219,A1682,2026-06-26,600.0,238.19,1764.65,240.63,449.68,1912.53,UPI,Partially Paid
B0392,P131,A1327,2026-11-18,800.0,2198.93,1457.75,156.49,473.89,3826.3,Credit Card,Partially Paid
B0393,P131,A0875,2026-02-10,600.0,2897.92,1057.74,348.7,846.45,3360.51,Credit Card,Paid
B0394,P191,A1855,2026-08-20,900.0,309.32,1045.16,438.67,1943.13,0.0,Insurance,Pending
B0395,P211,A0891,2025-07-27,800.0,2512.86,250.32,41.24,1112.03,2409.91,UPI,Paid
B0396,P126,A0860,2025-07-23,700.0,2805.08,181.76,340.41,988.16,2358.27,UPI,Paid
B0397,P276,A1655,2026-03-31,800.0,1424.16,736.46,427.52,1962.66,570.44,Credit Card,Pending
B0398,P155,A0975,2025-02-11,1200.0,297.96,140.94,211.69,1045.33,381.88,Credit Card,Paid
B0399,P110,A0500,2026-07-07,600.0,1175.49,1558.47,15.16,794.94,2523.86,Debit Card,Pending
B0400,P148,A1798,2025-04-03,700.0,1463.24,1285.7,295.73,515.78,2637.43,Cash,Pending
B0401,P257,A0754,2025-04-20,700.0,1311.58,823.79,337.45,134.01,2363.91,Insurance,Pending
B0402,P111,A0222,2025-05-23,700.0,2822.91,755.8,271.61,194.5,3812.6,Cash,Pending
B0403,P193,A0476,2025-08-27,1200.0,363.65,1907.96,316.61,791.22,2363.78,Insurance,Pending
B0404,P010,A1842,2026-04-21,900.0,2659.08,469.72,19.75,1768.92,2240.13,Cash,Paid
B0405,P179,A0251,2026-12-23,800.0,2120.63,661.29,488.07,215.02,2878.83,Credit Card,Paid
B0406,P226,A0700,2026-04-20,1200.0,2272.81,1893.83,112.33,1154.59,4099.72,Cash,Partially Paid
B0407,P283,A1000,2025-02-23,800.0,1839.94,546.47,127.4,1689.24,1369.77,Debit Card,Paid
B0408,P079,A1256,2025-10-05,700.0,1317.6,215.59,48.03,74.97,2110.19,UPI,Partially Paid
B0409,P289,A1163,2025-06-21,900.0,2333.91,1593.12,402.14,827.65,3597.24,Insurance,Pending
B0410,P084,A0217,2025-07-29,900.0,2493.98,272.93,241.06,367.22,3058.63,Insurance,Partially Paid
B0411,P066,A0432,2026-10-13,800.0,1410.71,1591.27,166.48,949.17,2686.33,Cash,Pending
B0412,P068,A1377,2025-04-30,900.0,2680.11,1082.37,244.68,405.24,4012.56,Debit Card,Paid
B0413,P250,A1860,2026-10-09,800.0,1355.5,445.28,410.38,946.66,1243.74,Debit Card,Partially Paid
B0414,P197,A0812,2026-11-16,600.0,1675.15,1589.06,389.99,988.58,2485.64,Debit Card,Pending
B0415,P211,A0854,2025-11-10,600.0,1420.23,1228.62,264.49,1770.4,1213.96,UPI,Partially Paid
B0416,P040,A0803,2025-12-02,600.0,1478.38,304.4,364.78,1481.07,536.93,UPI,Paid
B0417,P291,A0983,2025-12-05,800.0,1296.63,924.13,229.75,631.0,2160.01,Insurance,Paid
B0418,P058,A1251,2026-08-31,1200.0,2679.38,516.09,52.04,1499.48,2843.95,Insurance,Paid
B0419,P164,A1348,2025-10-25,800.0,2272.13,947.61,413.77,685.56,2920.41,Credit Card,Paid
B0420,P129,A1446,2025-10-01,800.0,1439.34,1957.06,492.28,575.19,3128.93,Credit Card,Pending
B0421,P037,A1473,2025-01-08,700.0,722.24,838.82,103.93,1558.99,598.14,Credit Card,Partially Paid
B0422,P143,A0948,2026-04-23,1200.0,1222.87,102.12,402.8,566.14,1556.05,Credit Card,Partially Paid
B0423,P183,A1126,2026-01-03,900.0,1033.05,568.15,116.56,1319.86,1064.78,Insurance,Pending
B0424,P060,A1417,2026-03-18,800.0,2379.71,1128.9,348.52,1370.55,2589.54,Credit Card,Partially Paid
B0425,P102,A0579,2025-11-12,900.0,1924.24,744.28,269.49,1506.9,1792.13,Credit Card,Partially Paid
B0426,P114,A1653,2026-04-14,800.0,1320.93,1477.84,498.36,1426.9,1673.51,Credit Card,Pending
B0427,P116,A0678,2026-07-12,700.0,1535.34,1461.46,464.95,1818.95,1412.9,Debit Card,Pending
B0428,P039,A0467,2025-11-25,800.0,508.93,430.66,351.33,1247.56,140.7,Credit Card,Partially Paid
B0429,P290,A1912,2025-05-12,600.0,1683.33,1880.38,351.9,705.93,3105.88,Cash,Paid
B0430,P202,A0213,2026-01-25,700.0,1858.15,962.23,436.22,57.0,3027.16,Debit Card,Paid
B0431,P183,A0925,2026-09-23,700.0,913.7,709.42,496.09,1671.24,155.79,UPI,Partially Paid
B0432,P144,A0741,2025-09-16,600.0,1953.68,1434.09,128.39,175.79,3683.59,Cash,Partially Paid
B0433,P085,A1088,2026-11-18,600.0,1100.84,1898.06,84.74,1844.42,1669.74,Insurance,Partially Paid
B0434,P256,A1806,2026-11-20,1200.0,180.83,1979.92,197.5,751.76,2411.49,UPI,Pending
B0435,P250,A1382,2025-01-24,600.0,1218.18,728.48,229.02,824.96,1492.68,Credit Card,Pending
B0436,P254,A0573,2025-05-12,700.0,1152.48,889.89,7.87,1234.09,1500.41,Credit Card,Pending
B0437,P022,A0681,2025-11-28,800.0,508.75,1361.76,89.8,1094.16,1486.55,Cash,Partially Paid
B0438,P148,A0063,2026-07-13,800.0,920.49,1274.29,298.46,1631.62,1064.7,Debit Card,Paid
B0439,P091,A1474,2025-05-24,700.0,136.7,772.68,346.13,131.17,1132.08,Debit Card,Partially Paid
B0440,P180,A0150,2025-03-10,600.0,369.32,143.69,25.43,638.87,448.71,Insurance,Paid
B0441,P187,A0742,2026-12-08,600.0,2520.87,545.94,463.73,1629.04,1574.04,Debit Card,Partially Paid
B0442,P248,A0045,2026-12-09,600.0,1495.92,1316.01,468.92,3.01,2940.0,Insurance,Paid
B0443,P280,A1182,2026-12-06,900.0,1846.68,875.67,268.91,1152.31,2201.13,Credit Card,Partially Paid
B0444,P068,A1837,2025-04-14,700.0,1210.14,1703.14,93.98,1426.51,2092.79,UPI,Paid
B0445,P275,A0029,2026-08-29,900.0,1102.75,1200.5,134.39,56.39,3012.47,UPI,Partially Paid
B0446,P133,A1056,2025-12-09,700.0,2764.71,609.59,360.57,1533.64,2180.09,Insurance,Partially Paid
B0447,P125,A0593,2025-05-23,900.0,1308.25,854.65,290.46,819.07,1953.37,Cash,Pending
B0448,P156,A0349,2026-07-18,700.0,283.17,1386.78,154.92,898.25,1316.78,UPI,Paid
B0449,P169,A0848,2025-10-08,600.0,2192.13,883.28,274.42,1953.02,1447.97,Credit Card,Partially Paid
B0450,P066,A1715,2025-11-23,900.0,2771.16,1853.76,235.34,1032.35,4257.23,Insurance,Paid
B0451,P038,A0082,2026-09-03,700.0,1167.31,1846.75,460.57,1330.15,1923.34,Insurance,Partially Paid
B0452,P280,A1224,2026-09-09,900.0,233.92,333.48,65.72,701.01,700.67,Insurance,Pending
B0453,P177,A1950,2026-04-28,600.0,2416.28,1718.88,429.98,1932.97,2372.21,Credit Card,Partially Paid
B0454,P060,A0623,2026-01-12,800.0,1035.28,1048.59,452.68,1221.45,1209.74,Credit Card,Paid
B0455,P273,A1704,2025-01-31,700.0,951.23,116.88,97.75,1222.15,448.21,Insurance,Paid
B0456,P051,A0147,2026-07-05,800.0,1949.26,307.33,43.47,1956.22,1056.9,Credit Card,Paid
B0457,P061,A0006,2025-10-04,800.0,1617.36,0.52,336.06,1723.6,358.22,UPI,Paid
B0458,P147,A0826,2026-12-21,600.0,2342.89,1179.67,433.37,545.99,3143.2,Cash,Paid
B0459,P058,A0439,2026-06-11,700.0,1287.06,1138.58,167.84,1428.33,1529.47,Cash,Paid
B0460,P055,A0367,2025-10-26,800.0,1137.74,154.28,25.18,1470.03,596.81,Cash,Partially Paid
B0461,P018,A0201,2026-01-29,600.0,1696.74,182.91,44.92,367.63,2067.1,Debit Card,Pending
B0462,P157,A1040,2026-03-13,900.0,1315.43,1181.98,30.16,1993.2,1374.05,Credit Card,Paid
B0463,P023,A0454,2026-01-17,1200.0,428.26,1114.34,383.34,1253.92,1105.34,Debit Card,Paid
B0464,P207,A1824,2025-12-24,800.0,1829.78,626.43,276.62,324.62,2654.97,Cash,Partially Paid
B0465,P101,A0728,2025-09-27,600.0,2616.3,1681.1,333.43,1599.58,2964.39,Insurance,Pending
B0466,P035,A0719,2025-01-12,800.0,2048.08,1362.43,391.55,1491.26,2327.7,Insurance,Pending
B0467,P059,A0709,2025-01-16,900.0,532.21,809.37,145.69,1472.89,623.0,Cash,Partially Paid
B0468,P234,A1511,2025-02-28,900.0,783.16,322.61,227.42,1375.44,402.91,Credit Card,Pending
B0469,P194,A1618,2026-10-13,900.0,12.26,1669.32,15.27,834.85,1731.46,Credit Card,Paid
B0470,P143,A0948,2026-04-23,1200.0,1765.13,1388.01,469.74,190.39,3693.01,UPI,Partially Paid
B0471,P044,A1582,2026-02-21,900.0,2972.24,970.07,337.65,1469.38,3035.28,Cash,Paid
B0472,P004,A0718,2026-10-21,600.0,302.11,166.74,403.16,286.98,378.71,Insurance,Partially Paid
B0473,P049,A0438,2026-05-01,1200.0,1413.99,576.21,143.0,854.01,2193.19,Debit Card,Partially Paid
B0474,P200,A1272,2025-04-12,800.0,274.56,1873.86,199.78,662.68,2085.96,Debit Card,Partially Paid
B0475,P186,A1291,2025-03-12,600.0,1959.51,934.64,220.69,762.62,2510.84,Cash,Partially Paid
B0476,P066,A1190,2025-01-27,800.0,1147.81,1700.92,185.77,774.23,2688.73,Credit Card,Pending
B0477,P168,A0763,2025-03-31,600.0,2662.89,493.1,299.38,1677.29,1779.32,Cash,Pending
B0478,P108,A0505,2025-07-05,900.0,108.15,87.87,464.05,1012.56,0.0,Debit Card,Partially Paid
B0479,P274,A0122,2026-07-15,900.0,1361.41,1466.84,254.32,374.57,3099.36,Credit Card,Pending
B0480,P116,A1651,2026-06-06,700.0,2901.58,663.09,0.18,1833.44,2431.05,Insurance,Pending
B0481,P055,A0498,2025-04-03,800.0,596.7,802.45,366.15,1004.08,828.92,Debit Card,Paid
B0482,P023,A0644,2026-12-20,800.0,1091.03,1278.08,24.5,356.48,2788.13,Cash,Paid
B0483,P254,A1098,2025-07-30,800.0,843.19,787.77,42.91,993.79,1394.26,Insurance,Pending
B0484,P230,A1835,2026-06-14,800.0,1671.75,1072.78,99.7,1559.82,1885.01,Credit Card,Partially Paid
B0485,P025,A1952,2025-12-23,600.0,1364.82,1281.01,401.49,699.36,2144.98,Cash,Pending
B0486,P038,A0119,2026-07-29,600.0,203.0,287.31,76.27,504.48,509.56,Debit Card,Partially Paid
B0487,P254,A1299,2025-12-23,700.0,389.55,1067.25,103.07,1130.88,922.85,Debit Card,Pending
B0488,P124,A0427,2026-08-15,700.0,875.79,1375.25,435.25,1838.26,677.53,UPI,Paid
B0489,P055,A0367,2025-10-26,800.0,1674.55,648.81,417.51,1702.39,1003.46,Credit Card,Paid
B0490,P198,A1664,2026-07-09,600.0,546.44,1598.58,25.07,717.39,2002.56,Cash,Partially Paid
B0491,P182,A1208,2025-06-18,1200.0,2857.53,1056.38,471.07,1504.68,3138.16,UPI,Partially Paid
B0492,P294,A1375,2026-10-16,600.0,1399.35,215.79,83.35,1030.28,1101.51,Debit Card,Partially Paid
B0493,P257,A0245,2025-03-21,800.0,2842.14,812.32,235.92,424.46,3794.08,UPI,Paid
B0494,P267,A1209,2026-03-26,800.0,1117.03,1499.46,138.66,770.62,2507.21,Insurance,Pending
B0495,P061,A0006,2025-10-04,800.0,292.29,1031.09,366.39,729.23,1027.76,Insurance,Partially Paid
B0496,P104,A1628,2025-09-17,800.0,1596.43,1668.16,325.09,1290.82,2448.68,Insurance,Partially Paid
B0497,P265,A0606,2026-07-10,1200.0,2651.81,163.33,349.53,243.0,3422.61,Credit Card,Paid
B0498,P002,A0695,2025-11-02,1200.0,605.44,1461.87,309.72,313.54,2644.05,UPI,Paid
B0499,P238,A1021,2026-03-31,900.0,83.28,524.52,445.28,1461.01,0.0,Credit Card,Partially Paid
B0500,P117,A0162,2026-03-10,900.0,94.46,1086.61,228.21,91.43,1761.43,Credit Card,Pending
B0501,P150,A1629,2025-07-03,900.0,2673.86,1532.26,204.35,700.98,4200.79,Credit Card,Pending
B0502,P137,A1055,2026-11-18,800.0,784.2,1336.58,87.72,1365.96,1467.1,UPI,Partially Paid
B0503,P098,A1828,2025-06-30,600.0,1718.8,107.05,159.23,1944.73,321.89,UPI,Partially Paid
B0504,P160,A1345,2025-02-20,800.0,1659.06,180.32,60.15,777.61,1801.62,Debit Card,Partially Paid
B0505,P296,A0641,2026-04-25,800.0,1542.22,65.41,43.13,283.58,2080.92,Insurance,Partially Paid
B0506,P092,A0624,2025-05-26,600.0,2054.44,1696.3,477.24,889.38,2984.12,Cash,Pending
B0507,P089,A1626,2025-03-20,800.0,2065.15,1200.4,299.67,1146.32,2619.56,Cash,Partially Paid
B0508,P183,A0712,2026-01-01,600.0,1107.72,872.79,321.81,573.72,1684.98,Insurance,Pending
B0509,P094,A0036,2026-12-02,600.0,239.99,1941.7,272.67,1479.19,1029.83,Debit Card,Pending
B0510,P250,A1555,2025-09-19,700.0,1182.79,1599.34,470.75,13.92,2997.46,Insurance,Partially Paid
B0511,P084,A1407,2025-12-19,700.0,2968.15,1189.12,93.51,923.4,3840.36,UPI,Pending
B0512,P123,A0744,2026-10-17,900.0,628.82,482.3,369.68,52.51,1588.93,Debit Card,Paid
B0513,P215,A0196,2025-10-09,800.0,2484.84,16.0,77.15,1608.85,1614.84,Cash,Paid
B0514,P279,A1678,2026-04-06,1200.0,2034.94,1770.03,365.16,1002.73,3637.08,Debit Card,Partially Paid
B0515,P193,A1535,2025-07-25,600.0,1906.79,925.51,151.17,1659.34,1621.79,Cash,Partially Paid
B0516,P240,A0109,2026-03-08,700.0,1631.12,901.34,37.26,1633.53,1561.67,Credit Card,Paid
B0517,P034,A0662,2026-04-23,700.0,1757.49,623.62,256.04,1784.08,1040.99,Cash,Pending
B0518,P196,A0380,2026-06-25,900.0,2900.67,1344.77,497.48,1909.14,2738.82,Insurance,Paid
B0519,P134,A1106,2025-06-17,900.0,884.74,215.21,417.96,1400.6,181.39,Cash,Paid
B0520,P106,A1936,2025-10-18,700.0,2921.91,250.29,332.4,1343.11,2196.69,UPI,Pending
B0521,P288,A1574,2026-09-09,700.0,1820.01,1871.94,479.79,1286.36,2625.8,Debit Card,Paid
B0522,P059,A0544,2026-04-25,1200.0,2277.25,572.15,4.13,550.63,3494.64,Insurance,Pending
B0523,P071,A0637,2026-07-23,900.0,1029.91,1081.42,223.04,343.88,2444.41,UPI,Paid
B0524,P031,A0576,2025-03-08,900.0,1279.84,1806.79,333.02,835.99,2817.62,Debit Card,Paid
B0525,P095,A0759,2025-04-24,800.0,2243.13,1274.57,323.05,596.73,3397.92,Credit Card,Paid
B0526,P052,A0280,2026-02-18,900.0,2775.02,735.34,341.88,1444.46,2624.02,Credit Card,Partially Paid
B0527,P195,A1472,2026-10-29,900.0,182.38,153.01,314.95,1884.98,0.0,UPI,Pending
B0528,P188,A0344,2025-01-26,700.0,2211.4,125.08,492.14,522.32,2022.02,UPI,Pending
B0529,P253,A0487,2025-09-06,800.0,1355.55,1755.98,31.99,411.14,3468.4,Cash,Paid
B0530,P143,A1324,2026-08-25,600.0,2741.07,757.62,404.61,748.54,2945.54,Credit Card,Paid
B0531,P105,A1030,2026-10-09,700.0,2403.38,1363.92,415.0,183.48,3868.82,Credit Card,Pending
B0532,P092,A0600,2026-01-25,900.0,1251.87,10.43,121.69,1781.56,259.05,Cash,Pending
B0533,P235,A0355,2026-11-23,600.0,124.5,1842.95,113.18,834.25,1620.02,Cash,Partially Paid
B0534,P281,A1418,2026-04-05,700.0,702.21,105.55,185.37,1301.91,20.48,Debit Card,Paid
B0535,P280,A0348,2025-03-01,800.0,2791.57,878.61,471.73,1200.14,2798.31,UPI,Paid
B0536,P248,A1929,2025-02-04,1200.0,1829.67,480.5,383.61,1032.05,2094.51,Cash,Partially Paid
B0537,P203,A0941,2026-02-09,700.0,187.15,30.94,213.55,1244.07,0.0,Credit Card,Paid
B0538,P021,A1809,2026-05-07,800.0,2323.63,1253.91,151.79,242.85,3982.9,Credit Card,Paid
B0539,P024,A1006,2025-04-13,800.0,857.6,123.26,203.04,811.35,766.47,Debit Card,Partially Paid
B0540,P223,A0393,2026-12-18,600.0,782.55,1879.94,121.37,15.24,3125.88,Credit Card,Partially Paid
B0541,P292,A0374,2026-05-25,800.0,2744.58,108.13,422.69,1740.74,1489.28,Credit Card,Pending
B0542,P283,A1816,2026-01-11,700.0,2790.19,1645.22,166.18,1788.08,3181.15,Cash,Paid
B0543,P115,A0054,2026-07-28,600.0,759.89,1605.62,111.83,568.27,2285.41,Credit Card,Paid
B0544,P103,A0918,2026-08-10,700.0,1469.83,460.87,49.14,1254.98,1326.58,Insurance,Pending
B0545,P292,A0928,2026-06-28,700.0,1512.1,750.35,476.84,690.55,1795.06,UPI,Paid
B0546,P205,A1521,2025-12-09,900.0,307.15,166.29,469.92,485.53,417.99,Insurance,Partially Paid
B0547,P035,A0303,2026-07-09,700.0,531.04,749.11,164.16,1904.6,0.0,Cash,Pending
B0548,P155,A1569,2025-11-25,1200.0,1206.39,1708.99,415.68,1664.42,2035.28,Debit Card,Pending
B0549,P033,A0364,2026-09-02,1200.0,1790.6,995.59,213.39,1649.31,2123.49,Cash,Pending
B0550,P271,A1141,2026-07-21,900.0,2129.72,1322.26,53.18,1287.54,3011.26,Debit Card,Paid
B0551,P042,A1236,2026-09-21,600.0,1754.02,144.3,330.24,910.02,1258.06,Cash,Pending
B0552,P018,A1984,2025-06-19,1200.0,2489.09,1938.75,50.96,1493.7,4083.18,Credit Card,Paid
B0553,P119,A0451,2026-12-12,600.0,616.89,1841.85,212.85,135.52,2710.37,Insurance,Paid
B0554,P246,A0920,2026-04-02,900.0,1729.9,1923.0,54.11,836.14,3662.65,UPI,Partially Paid
B0555,P040,A0669,2025-05-13,600.0,1747.82,49.45,165.34,272.58,1959.35,Credit Card,Paid
B0556,P173,A1697,2026-09-28,800.0,268.51,157.88,239.03,998.5,0.0,Debit Card,Pending
B0557,P026,A0428,2026-11-02,600.0,1185.75,1882.92,145.36,504.3,3019.01,Credit Card,Pending
B0558,P213,A1050,2025-04-01,600.0,2669.66,1514.03,136.17,1960.01,2687.51,Cash,Paid
B0559,P037,A1314,2026-12-17,900.0,2807.1,1066.24,303.33,838.4,3631.61,Cash,Pending
B0560,P263,A1086,2025-11-11,600.0,739.37,718.22,485.1,1755.38,0.0,Credit Card,Pending
B0561,P233,A0831,2025-05-30,1200.0,528.93,174.72,290.08,583.07,1030.5,UPI,Partially Paid
B0562,P136,A0229,2025-05-31,800.0,373.61,312.96,257.0,399.05,830.52,Insurance,Paid
B0563,P029,A0210,2026-07-27,800.0,2007.76,1082.68,396.79,1772.36,1721.29,UPI,Pending
B0564,P158,A1461,2025-12-22,800.0,406.59,1443.83,363.96,1127.14,1159.32,Credit Card,Partially Paid
B0565,P267,A1209,2026-03-26,800.0,2691.29,456.98,161.78,220.01,3566.48,Cash,Pending
B0566,P237,A0603,2026-02-08,1200.0,491.22,920.85,56.14,525.54,2030.39,Debit Card,Pending
B0567,P281,A0924,2026-11-07,900.0,2629.29,240.11,56.25,85.78,3627.37,Cash,Paid
B0568,P067,A1133,2026-07-05,900.0,454.28,104.83,221.2,1627.53,0.0,UPI,Partially Paid
B0569,P062,A0016,2026-08-01,800.0,2910.74,672.76,393.74,1068.91,2920.85,Insurance,Pending
B0570,P183,A0712,2026-01-01,600.0,2010.11,157.84,336.99,1505.61,925.35,Debit Card,Partially Paid
B0571,P059,A1072,2025-07-01,700.0,295.02,1807.54,79.61,804.77,1918.18,Cash,Paid
B0572,P030,A1735,2026-05-27,600.0,1480.81,1749.73,292.02,1235.51,2303.01,Debit Card,Pending
B0573,P286,A0496,2025-09-29,900.0,1883.6,283.64,371.28,1535.59,1160.37,Credit Card,Paid
B0574,P190,A1178,2026-09-22,700.0,2470.59,1111.35,399.21,1621.66,2261.07,UPI,Paid
B0575,P226,A1292,2025-08-15,800.0,2656.34,1983.73,469.43,106.39,4864.25,Debit Card,Partially Paid
B0576,P273,A1704,2025-01-31,700.0,804.32,1980.42,129.51,7.76,3347.47,UPI,Pending
B0577,P238,A1409,2026-06-06,800.0,565.29,181.86,170.34,386.21,990.6,Insurance,Pending
B0578,P252,A0604,2025-08-24,900.0,2395.35,1280.15,343.11,453.78,3778.61,Debit Card,Paid
B0579,P194,A1618,2026-10-13,900.0,831.53,933.75,151.46,1740.88,772.94,Insurance,Pending
B0580,P253,A1723,2026-10-06,700.0,955.37,1427.63,104.38,1846.54,1132.08,Credit Card,Paid
B0581,P131,A1928,2026-05-04,1200.0,2285.43,1162.11,102.72,1267.26,3277.56,Insurance,Partially Paid
B0582,P300,A1449,2025-11-27,600.0,2921.79,1746.25,289.59,1549.66,3428.79,Cash,Partially Paid
B0583,P116,A0678,2026-07-12,700.0,968.46,1509.44,390.86,505.15,2281.89,Credit Card,Pending
B0584,P149,A0545,2025-12-11,700.0,476.19,272.05,363.57,478.77,605.9,Debit Card,Pending
B0585,P139,A1408,2026-09-11,900.0,1176.54,1255.11,196.8,466.13,2668.72,Debit Card,Pending
B0586,P212,A0299,2026-09-09,900.0,381.31,968.11,99.39,762.69,1387.34,Debit Card,Pending
B0587,P113,A0319,2025-09-17,900.0,2378.76,369.93,213.49,423.53,3011.67,Insurance,Pending
B0588,P262,A1283,2025-11-28,1200.0,1569.18,1165.51,332.37,385.61,3216.71,Credit Card,Pending
B0589,P083,A0426,2026-07-26,900.0,437.35,1193.88,199.51,1571.65,760.07,Insurance,Paid
B0590,P235,A0012,2026-04-07,800.0,2892.95,488.06,48.14,10.51,4122.36,Insurance,Pending
B0591,P112,A1768,2026-09-11,1200.0,1834.15,1629.1,314.32,685.84,3663.09,Cash,Partially Paid
B0592,P073,A1551,2026-10-08,900.0,1381.17,1262.59,340.65,45.96,3157.15,Debit Card,Paid
B0593,P024,A1457,2025-12-01,800.0,983.32,30.22,102.54,1213.9,497.1,Credit Card,Pending
B0594,P063,A0944,2026-12-18,900.0,1208.17,1852.11,335.32,1825.12,1799.84,Cash,Partially Paid
B0595,P014,A0870,2026-10-17,600.0,679.2,945.06,368.42,1709.1,146.74,Insurance,Partially Paid
B0596,P100,A0008,2025-03-31,1200.0,2585.06,507.95,249.2,1087.2,2956.61,Cash,Pending
B0597,P103,A1661,2026-05-06,600.0,1458.97,781.6,405.1,671.29,1764.18,Debit Card,Partially Paid
B0598,P288,A0419,2025-04-04,800.0,1438.02,1532.91,41.15,799.83,2929.95,Credit Card,Partially Paid
B0599,P098,A0953,2025-10-01,900.0,290.67,1454.2,158.31,426.47,2060.09,Credit Card,Pending
B0600,P258,A1526,2025-06-04,700.0,642.76,1984.22,31.57,977.17,2318.24,Credit Card,Paid
B0601,P148,A1798,2025-04-03,700.0,48.38,1233.17,32.47,611.58,1337.5,Debit Card,Paid
B0602,P196,A1376,2025-08-08,900.0,777.9,1219.34,191.33,459.43,2246.48,Credit Card,Paid
B0603,P031,A1147,2025-08-30,800.0,1189.22,472.02,38.82,1967.78,454.64,UPI,Partially Paid
B0604,P090,A1973,2026-05-30,600.0,2354.7,1890.2,348.45,944.24,3552.21,Cash,Pending
B0605,P037,A0919,2026-09-23,1200.0,185.77,1703.28,394.6,1192.4,1502.05,Debit Card,Pending
B0606,P168,A1634,2025-05-24,1200.0,1611.15,587.18,260.51,1771.55,1366.27,Insurance,Partially Paid
B0607,P177,A1673,2025-04-30,900.0,2502.18,163.12,377.85,1875.73,1311.72,UPI,Paid
B0608,P230,A1835,2026-06-14,800.0,1073.84,602.07,155.31,1315.53,1005.07,Insurance,Partially Paid
B0609,P042,A1910,2026-04-01,700.0,261.94,1088.34,256.06,211.59,1582.63,Credit Card,Paid
B0610,P200,A0220,2025-12-24,900.0,2120.41,473.0,457.67,1667.64,1368.1,UPI,Partially Paid
B0611,P166,A0139,2025-12-30,1200.0,1454.3,630.74,330.89,229.36,2724.79,UPI,Pending
B0612,P182,A0429,2026-07-11,700.0,2400.74,727.69,287.37,920.73,2620.33,Cash,Paid
B0613,P140,A0200,2026-04-07,700.0,2896.38,1781.14,61.18,434.47,4881.87,Insurance,Partially Paid
B0614,P190,A1827,2026-11-14,1200.0,2587.4,1532.68,315.29,1481.76,3523.03,Cash,Paid
B0615,P055,A0520,2025-04-17,800.0,2576.19,248.73,188.46,820.6,2615.86,Credit Card,Pending
B0616,P276,A0932,2026-03-22,700.0,2067.58,1312.08,165.52,890.12,3024.02,Insurance,Partially Paid
B0617,P263,A0215,2025-01-21,600.0,2766.8,1448.07,377.86,1148.05,3288.96,Cash,Pending
B0618,P265,A0414,2025-12-11,900.0,1683.58,573.42,492.25,45.86,2618.89,Credit Card,Pending
B0619,P013,A0721,2026-01-04,600.0,675.81,670.32,400.63,1007.76,537.74,Insurance,Pending
B0620,P071,A1009,2026-12-19,700.0,1383.68,38.0,62.81,379.0,1679.87,UPI,Paid
B0621,P003,A0256,2026-07-15,600.0,2417.97,86.19,232.95,190.76,2680.45,UPI,Partially Paid
B0622,P052,A0280,2026-02-18,900.0,2793.27,1241.61,472.74,1208.25,3253.89,Cash,Partially Paid
B0623,P124,A0427,2026-08-15,700.0,868.62,647.55,271.12,1893.84,51.21,Credit Card,Pending
B0624,P263,A1086,2025-11-11,600.0,168.26,451.92,169.21,149.92,901.05,UPI,Pending
B0625,P089,A1851,2025-10-16,600.0,2700.6,803.53,212.87,549.82,3341.44,UPI,Pending
B0626,P227,A0318,2025-07-03,700.0,1405.56,1734.67,363.66,388.8,3087.77,Debit Card,Paid
B0627,P270,A0967,2026-05-21,600.0,2574.49,965.38,18.84,1748.77,2372.26,Cash,Partially Paid
B0628,P168,A1634,2025-05-24,1200.0,780.38,768.39,2.53,1498.4,1247.84,UPI,Pending
B0629,P252,A0717,2025-09-24,800.0,1299.54,489.19,377.85,1791.27,419.61,Insurance,Pending
B0630,P100,A0686,2025-11-28,600.0,1959.29,800.6,259.11,1566.26,1534.52,Debit Card,Partially Paid
B0631,P281,A1676,2025-01-05,600.0,1686.46,1325.36,254.22,1459.48,1898.12,Credit Card,Pending
B0632,P212,A0990,2026-02-10,900.0,1363.24,124.14,66.93,1428.31,892.14,UPI,Paid
B0633,P231,A0194,2026-01-03,700.0,837.29,1510.35,484.41,172.46,2390.77,Credit Card,Paid
B0634,P057,A0017,2026-02-17,700.0,171.24,1224.74,76.92,1771.31,247.75,Cash,Paid
B0635,P125,A0935,2026-02-16,600.0,408.36,1350.84,474.46,1610.64,274.1,UPI,Paid
B0636,P187,A0742,2026-12-08,600.0,471.51,1161.05,256.0,1999.18,0.0,UPI,Pending
B0637,P116,A0947,2025-05-16,1200.0,1505.97,794.48,443.57,52.03,3004.85,Debit Card,Pending
B0638,P284,A0452,2026-12-04,600.0,2922.2,1537.75,262.24,1265.88,3531.83,Debit Card,Partially Paid
B0639,P123,A1900,2025-05-09,900.0,1267.03,606.42,295.88,168.16,2309.41,Insurance,Partially Paid
B0640,P242,A0322,2026-01-15,900.0,2205.16,1077.15,347.12,100.16,3735.03,Insurance,Paid
B0641,P282,A0347,2025-04-04,700.0,1467.0,496.18,489.84,347.93,1825.41,Credit Card,Paid
B0642,P200,A0779,2026-05-15,700.0,2870.24,1486.14,325.11,1529.05,3202.22,Cash,Paid
B0643,P266,A1253,2026-02-24,900.0,300.72,776.82,110.62,1945.98,0.0,UPI,Partially Paid
B0644,P268,A1364,2025-10-19,800.0,2179.24,1684.17,111.1,513.61,4038.7,Cash,Paid
B0645,P118,A1043,2026-06-10,700.0,2528.66,59.54,363.74,1128.93,1795.53,Credit Card,Partially Paid
B0646,P269,A0692,2026-07-06,800.0,1505.24,541.22,133.33,1200.24,1512.89,Cash,Paid
B0647,P259,A0475,2025-08-10,900.0,2528.43,843.84,348.31,495.01,3428.95,Debit Card,Paid
B0648,P092,A1109,2026-08-14,700.0,1499.18,1347.63,415.63,348.31,2782.87,Cash,Pending
B0649,P010,A1463,2025-02-02,600.0,2644.59,1106.49,152.9,1998.93,2199.25,UPI,Partially Paid
B0650,P064,A0900,2025-01-29,900.0,237.81,17.46,362.66,200.38,592.23,Credit Card,Partially Paid
B0651,P202,A0687,2026-01-17,900.0,2626.97,349.24,408.04,1382.97,2085.2,UPI,Partially Paid
B0652,P071,A0668,2026-12-11,900.0,541.74,1124.76,432.96,1763.32,370.22,Insurance,Partially Paid
B0653,P017,A0892,2026-05-19,1200.0,2515.67,124.23,230.64,1694.0,1915.26,Debit Card,Pending
B0654,P036,A1738,2026-08-22,600.0,653.14,845.28,272.45,1041.4,784.57,Cash,Paid
B0655,P244,A0621,2025-02-13,900.0,2438.78,1571.44,112.14,1622.05,3176.03,Cash,Pending
B0656,P109,A0388,2026-03-25,600.0,2303.31,69.06,252.23,1452.45,1267.69,Credit Card,Paid
B0657,P106,A0746,2026-05-10,900.0,2618.06,1001.98,406.56,1767.66,2345.82,Insurance,Pending
B0658,P022,A0681,2025-11-28,800.0,2775.55,1038.14,281.4,1061.73,3270.56,Insurance,Pending
B0659,P071,A0637,2026-07-23,900.0,2767.04,561.39,223.1,1545.86,2459.47,Cash,Pending
B0660,P073,A0980,2025-08-21,800.0,433.17,1125.55,428.4,1262.71,667.61,UPI,Paid
B0661,P082,A1235,2025-05-23,800.0,963.91,543.18,260.16,1770.5,276.43,Debit Card,Paid
B0662,P115,A0659,2025-10-25,800.0,2227.25,1776.46,420.82,356.73,4026.16,Debit Card,Paid
B0663,P274,A1389,2026-05-28,1200.0,2574.39,761.67,399.54,1676.01,2460.51,Debit Card,Paid
B0664,P114,A1562,2025-03-25,800.0,2530.16,13.6,365.8,998.16,1979.8,UPI,Paid
B0665,P189,A0735,2026-07-01,1200.0,1646.5,994.51,317.28,1117.38,2406.35,Debit Card,Partially Paid
B0666,P177,A1673,2025-04-30,900.0,1718.8,301.1,232.94,939.86,1747.1,Insurance,Paid
B0667,P219,A1648,2025-08-10,1200.0,1741.51,701.42,210.78,196.48,3235.67,Cash,Pending
B0668,P156,A1923,2026-01-05,800.0,446.24,523.04,472.96,1902.73,0.0,Debit Card,Pending
B0669,P204,A1020,2026-08-21,1200.0,1951.47,1152.53,424.58,1017.13,2862.29,UPI,Pending
B0670,P092,A0450,2026-10-24,700.0,1755.78,756.64,48.62,39.68,3124.12,Debit Card,Pending
B0671,P050,A0810,2026-05-08,1200.0,676.24,1734.05,289.99,86.36,3233.94,Insurance,Paid
B0672,P127,A0667,2026-12-30,700.0,1093.11,1135.92,457.63,670.22,1801.18,Cash,Paid
B0673,P277,A1464,2025-08-13,900.0,1430.4,414.42,248.3,732.94,1763.58,Debit Card,Partially Paid
B0674,P239,A0274,2025-03-06,800.0,1604.57,303.28,40.7,1005.47,1661.68,Cash,Pending
B0675,P183,A1944,2025-08-08,600.0,2112.63,1466.21,208.2,413.72,3556.92,Insurance,Partially Paid
B0676,P205,A1667,2025-07-20,600.0,145.55,778.87,478.71,260.39,785.32,Insurance,Paid
B0677,P228,A1221,2025-11-24,900.0,674.67,1512.67,228.42,1024.91,1834.01,Debit Card,Paid
B0678,P234,A1186,2026-06-18,600.0,2922.18,506.66,485.14,475.57,3068.13,Cash,Pending
B0679,P013,A0721,2026-01-04,600.0,2399.44,144.63,162.84,636.67,2344.56,Insurance,Partially Paid
B0680,P276,A1170,2025-06-26,900.0,1072.58,1568.6,437.88,1443.97,1659.33,Cash,Paid
B0681,P081,A1604,2025-09-19,600.0,2366.17,1939.95,483.01,1635.79,2787.32,UPI,Paid
B0682,P063,A0768,2025-02-18,600.0,2079.7,1962.26,371.39,847.71,3422.86,Debit Card,Partially Paid
B0683,P200,A1272,2025-04-12,800.0,1922.48,1987.67,103.16,44.89,4562.1,Credit Card,Partially Paid
B0684,P051,A1890,2026-11-08,800.0,229.35,921.15,182.24,461.97,1306.29,Insurance,Partially Paid
B0685,P214,A0158,2026-05-29,600.0,2343.5,769.24,67.3,1091.02,2554.42,Debit Card,Paid
B0686,P064,A1101,2026-08-17,900.0,916.94,1166.97,486.49,1031.77,1465.65,UPI,Partially Paid
B0687,P115,A1445,2025-04-04,600.0,2595.94,1342.55,429.17,937.85,3171.47,Credit Card,Paid
B0688,P027,A0674,2025-11-04,600.0,263.33,162.28,310.51,784.69,0.0,Insurance,Pending
B0689,P102,A0579,2025-11-12,900.0,469.11,226.66,353.52,1655.95,0.0,Debit Card,Pending
B0690,P296,A1654,2025-08-14,600.0,1464.09,606.91,81.75,1189.36,1399.89,Insurance,Pending
B0691,P286,A0351,2026-11-01,800.0,2297.97,545.78,432.89,830.6,2380.26,Debit Card,Paid
B0692,P171,A1542,2025-01-04,800.0,1285.69,681.38,447.88,833.23,1485.96,Insurance,Paid
B0693,P097,A0565,2025-12-13,600.0,1521.91,1976.79,288.49,1772.62,2037.59,UPI,Pending
B0694,P106,A1451,2025-10-17,900.0,2695.85,1628.52,54.57,676.25,4493.55,Credit Card,Paid
B0695,P204,A0871,2026-11-09,800.0,1091.79,1648.49,432.95,1199.65,1907.68,Insurance,Paid
B0696,P096,A0649,2026-02-17,800.0,1400.44,633.98,294.49,1769.18,770.75,Debit Card,Paid
B0697,P122,A0872,2026-12-03,600.0,1538.67,354.97,91.03,1956.78,445.83,Credit Card,Partially Paid
B0698,P092,A0053,2025-12-31,900.0,2212.1,354.42,360.94,1322.45,1783.13,Insurance,Pending
B0699,P098,A1586,2026-04-10,700.0,1524.27,1303.54,380.73,536.41,2610.67,Credit Card,Pending
B0700,P272,A0453,2025-01-16,1200.0,356.3,600.28,176.94,1909.74,69.9,UPI,Partially Paid
B0701,P022,A0090,2025-12-14,600.0,1612.28,1439.84,81.74,824.93,2745.45,Cash,Paid
B0702,P165,A1440,2026-12-03,700.0,2944.99,212.57,441.08,1693.31,1723.17,Debit Card,Partially Paid
B0703,P289,A0112,2025-08-21,700.0,1551.35,264.47,242.78,1560.12,712.92,UPI,Partially Paid
B0704,P089,A1851,2025-10-16,600.0,2992.33,1215.81,146.89,1933.52,2727.73,Debit Card,Pending
B0705,P251,A0123,2025-06-25,800.0,2623.77,1853.35,332.69,365.65,4578.78,Credit Card,Paid
B0706,P282,A1581,2026-01-02,1200.0,681.32,1272.12,113.13,1029.95,2010.36,Insurance,Pending
B0707,P199,A1853,2026-11-13,700.0,477.92,698.49,455.84,1546.43,0.0,Cash,Pending
B0708,P228,A1861,2025-08-03,700.0,394.69,879.75,181.38,456.29,1336.77,Cash,Paid
B0709,P257,A0469,2026-12-01,600.0,2577.23,271.32,78.12,40.18,3330.25,Cash,Partially Paid
B0710,P122,A0872,2026-12-03,600.0,962.1,959.73,392.34,1122.86,1006.63,Debit Card,Pending
B0711,P118,A1785,2026-01-04,700.0,1304.68,383.45,430.32,213.38,1744.43,Credit Card,Partially Paid
B0712,P061,A0740,2025-04-08,600.0,1678.5,485.94,419.54,270.76,2074.14,Insurance,Paid
B0713,P214,A1154,2025-03-18,900.0,1201.93,452.68,349.96,631.19,1573.46,Insurance,Pending
B0714,P070,A0216,2025-12-02,900.0,2848.22,51.11,229.35,950.63,2619.35,Insurance,Paid
B0715,P206,A0156,2026-03-18,900.0,1704.1,674.16,491.0,287.44,2499.82,Debit Card,Pending
B0716,P006,A0697,2025-06-07,800.0,437.33,1647.02,340.81,448.87,2094.67,UPI,Pending
B0717,P001,A0785,2025-07-24,900.0,2843.25,1273.15,156.89,759.21,4100.3,Insurance,Paid
B0718,P093,A1572,2026-08-21,1200.0,1892.47,1499.55,297.51,1241.42,3053.09,Debit Card,Pending
B0719,P127,A0004,2025-07-11,900.0,1941.88,60.73,8.63,1791.11,1102.87,UPI,Paid
B0720,P106,A1066,2026-02-13,1200.0,1965.24,1223.67,455.35,1138.4,2795.16,Debit Card,Partially Paid
B0721,P183,A1988,2025-08-30,800.0,170.18,252.01,39.44,1998.31,0.0,UPI,Pending
B0722,P271,A1226,2026-06-06,900.0,1435.73,291.7,321.37,143.44,2162.62,Debit Card,Paid
B0723,P023,A1611,2025-10-31,600.0,1185.51,1735.2,72.33,745.81,2702.57,Cash,Partially Paid
B0724,P088,A0239,2025-11-12,700.0,1489.97,907.5,332.58,1198.63,1566.26,UPI,Pending
B0725,P119,A1932,2026-06-01,700.0,2245.11,1205.46,341.98,1193.28,2615.31,UPI,Partially Paid
B0726,P070,A0216,2025-12-02,900.0,129.9,921.37,182.8,1164.22,604.25,Credit Card,Paid
B0727,P169,A0921,2025-02-09,900.0,2925.96,981.05,129.21,1077.47,3600.33,Debit Card,Pending
B0728,P108,A1287,2025-05-10,700.0,2228.56,706.32,415.42,474.01,2745.45,Insurance,Pending
B0729,P218,A0243,2025-08-16,800.0,1994.86,785.93,495.85,1514.73,1570.21,Credit Card,Pending
B0730,P159,A0458,2026-08-21,1200.0,51.63,1667.5,210.26,1375.1,1333.77,Cash,Partially Paid
B0731,P002,A0695,2025-11-02,1200.0,2368.22,779.23,205.54,1952.34,2189.57,Insurance,Partially Paid
B0732,P092,A0844,2025-03-29,1200.0,127.44,922.89,245.32,357.75,1647.26,Debit Card,Paid
B0733,P254,A1125,2025-02-19,700.0,1612.67,1075.43,128.02,1491.69,1768.39,Insurance,Paid
B0734,P134,A1106,2025-06-17,900.0,2657.37,151.5,454.33,1917.95,1336.59,Credit Card,Partially Paid
B0735,P037,A1795,2026-05-03,900.0,218.02,439.95,480.68,1028.02,49.27,UPI,Paid
B0736,P267,A1209,2026-03-26,800.0,2920.2,162.2,260.7,1614.03,2007.67,Credit Card,Partially Paid
B0737,P053,A0832,2026-06-06,800.0,2823.7,390.25,199.86,1163.28,2650.81,Cash,Pending
B0738,P169,A1078,2025-07-28,1200.0,2628.16,1766.44,368.52,1570.87,3655.21,Debit Card,Paid
B0739,P286,A0351,2026-11-01,800.0,2708.41,1355.96,76.79,629.63,4157.95,Credit Card,Pending
B0740,P193,A0739,2026-01-31,900.0,1399.23,672.95,332.25,1733.11,906.82,Debit Card,Partially Paid
B0741,P198,A1385,2026-11-05,800.0,1663.22,447.94,404.24,1457.71,1049.21,Insurance,Paid
B0742,P268,A1038,2025-12-11,800.0,1198.41,1902.58,293.86,1552.15,2054.98,Cash,Pending
B0743,P115,A1926,2025-10-31,800.0,2709.01,755.65,340.63,1766.28,2157.75,Insurance,Pending
B0744,P180,A1703,2025-04-01,900.0,702.35,1131.83,4.96,996.3,1732.92,UPI,Paid
B0745,P013,A0553,2026-11-27,600.0,724.86,738.35,241.08,1600.0,222.13,UPI,Partially Paid
B0746,P300,A1243,2026-05-25,700.0,1033.01,1554.14,287.33,732.68,2267.14,UPI,Partially Paid
B0747,P115,A1926,2025-10-31,800.0,358.25,304.83,366.26,1056.32,40.5,UPI,Partially Paid
B0748,P130,A0205,2026-03-15,800.0,2200.79,1670.85,153.35,294.4,4223.89,Debit Card,Pending
B0749,P176,A1304,2026-01-05,700.0,52.88,1565.49,449.45,452.39,1416.53,Credit Card,Partially Paid
B0750,P002,A0612,2025-11-09,800.0,2534.59,1490.41,452.82,1746.78,2625.4,Debit Card,Paid
B0751,P075,A0315,2026-09-13,600.0,2138.53,1694.17,38.38,1490.55,2903.77,Debit Card,Pending
B0752,P177,A1950,2026-04-28,600.0,1793.85,578.5,316.05,759.24,1897.06,Debit Card,Partially Paid
B0753,P029,A0210,2026-07-27,800.0,764.34,124.67,80.82,1451.98,156.21,Insurance,Pending
B0754,P227,A0318,2025-07-03,700.0,1966.7,422.02,200.71,1468.65,1419.36,Credit Card,Partially Paid
B0755,P250,A1860,2026-10-09,800.0,1942.17,1582.62,373.97,1154.19,2796.63,Insurance,Partially Paid
B0756,P093,A1917,2026-10-16,900.0,2802.06,1714.94,217.56,1621.23,3578.21,Credit Card,Partially Paid
B0757,P165,A0442,2026-04-15,600.0,2054.83,1287.41,92.6,1216.68,2632.96,Insurance,Paid
B0758,P090,A1393,2026-11-14,700.0,194.85,1357.75,250.14,1897.96,104.5,UPI,Pending
B0759,P162,A1878,2025-04-28,1200.0,1523.37,1107.62,7.69,1341.44,2481.86,Credit Card,Pending
B0760,P160,A1071,2026-11-29,800.0,1770.49,386.2,98.78,1953.84,904.07,UPI,Pending
B0761,P294,A0693,2026-10-14,600.0,1983.65,584.73,436.31,419.17,2312.9,Cash,Pending
B0762,P280,A0203,2025-10-28,800.0,1762.94,1640.63,489.71,1986.44,1727.42,Insurance,Partially Paid
B0763,P290,A1437,2025-01-27,1200.0,1331.01,414.97,82.5,1963.63,899.85,Insurance,Partially Paid
B0764,P092,A0624,2025-05-26,600.0,1421.17,1417.91,359.1,267.72,2812.26,Credit Card,Pending
B0765,P180,A0150,2025-03-10,600.0,1439.6,1993.24,325.43,1087.84,2619.57,UPI,Pending
B0766,P093,A0943,2026-04-08,700.0,1674.42,1140.31,434.27,337.14,2743.32,Insurance,Partially Paid
B0767,P080,A0325,2025-07-14,800.0,558.13,17.68,90.96,627.97,656.88,Cash,Partially Paid
B0768,P145,A1216,2026-10-23,900.0,976.55,959.23,286.17,1392.89,1156.72,Debit Card,Partially Paid
B0769,P146,A0873,2025-11-16,900.0,1685.6,1280.98,52.81,1709.97,2103.8,UPI,Paid
B0770,P141,A0176,2026-11-22,900.0,2002.68,1400.97,81.51,830.04,3392.1,Cash,Paid
B0771,P084,A1407,2025-12-19,700.0,225.36,921.62,23.45,835.87,987.66,Cash,Paid
B0772,P193,A0817,2025-04-20,1200.0,2598.65,19.65,181.13,309.82,3327.35,Debit Card,Partially Paid
B0773,P201,A0634,2026-05-04,700.0,987.64,439.5,476.34,507.61,1143.19,UPI,Pending
B0774,P117,A0614,2026-07-08,700.0,1791.6,972.62,21.6,157.82,3284.8,Cash,Paid
B0775,P196,A1344,2025-09-16,700.0,1092.01,1996.43,154.99,1109.01,2524.44,Debit Card,Pending
B0776,P254,A0843,2026-04-16,700.0,2848.86,1014.78,148.42,1893.07,2522.15,Cash,Paid
B0777,P037,A1314,2026-12-17,900.0,2589.69,1337.37,12.48,624.44,4190.14,Cash,Paid
B0778,P180,A0415,2025-10-10,800.0,769.09,842.99,277.14,68.01,2066.93,Debit Card,Partially Paid
B0779,P164,A1348,2025-10-25,800.0,1327.12,699.99,199.9,1237.34,1389.87,UPI,Partially Paid
B0780,P064,A0900,2025-01-29,900.0,1444.13,1332.69,352.26,307.33,3017.23,Cash,Partially Paid
B0781,P169,A0936,2026-09-05,1200.0,1747.89,1046.76,450.97,1460.99,2082.69,UPI,Pending
B0782,P299,A1897,2025-04-20,1200.0,2369.62,499.4,27.46,1079.1,2962.46,Credit Card,Paid
B0783,P212,A1620,2025-03-05,900.0,2291.0,810.9,151.87,800.46,3049.57,Cash,Pending
B0784,P084,A0217,2025-07-29,900.0,1731.05,1773.35,381.57,912.31,3110.52,Credit Card,Paid
B0785,P293,A1363,2026-08-24,1200.0,2282.88,112.12,162.24,1499.59,1933.17,Cash,Pending
B0786,P193,A0715,2025-07-25,600.0,2904.07,219.38,493.63,1448.66,1781.16,Debit Card,Partially Paid
B0787,P142,A1519,2026-01-22,1200.0,818.09,159.55,421.11,1777.4,0.0,Credit Card,Partially Paid
B0788,P198,A0271,2025-11-21,700.0,274.19,183.35,369.9,56.11,731.53,Insurance,Paid
B0789,P248,A0343,2026-06-26,900.0,2189.46,921.02,439.44,1815.2,1755.84,Debit Card,Pending
B0790,P028,A1110,2025-12-18,900.0,2386.95,1595.39,427.21,1948.28,2506.85,Cash,Pending
B0791,P131,A1278,2026-10-21,1200.0,585.11,1227.21,366.39,191.9,2454.03,Debit Card,Pending
B0792,P039,A1153,2026-05-03,700.0,1931.53,1893.07,484.45,881.42,3158.73,Credit Card,Paid
B0793,P211,A0854,2025-11-10,600.0,1914.5,313.62,344.62,1395.23,1088.27,Cash,Partially Paid
B0794,P040,A0522,2026-07-22,800.0,2970.47,1868.33,52.38,1208.64,4377.78,Cash,Pending
B0795,P192,A0075,2025-03-26,700.0,1478.23,131.3,376.54,934.51,998.48,Debit Card,Partially Paid
B0796,P012,A0945,2025-08-25,800.0,1437.24,616.96,292.35,1010.68,1551.17,UPI,Partially Paid
B0797,P277,A0942,2025-12-19,700.0,1575.38,132.64,76.2,1477.5,854.32,Cash,Paid
B0798,P067,A0506,2025-05-07,700.0,341.75,1805.78,57.16,849.73,1940.64,UPI,Pending
B0799,P040,A1633,2025-09-05,600.0,2923.33,682.98,329.25,1519.83,2357.23,Credit Card,Paid
B0800,P091,A1930,2025-11-03,600.0,1543.58,1679.73,203.48,645.71,2974.12,UPI,Partially Paid
B0801,P012,A0945,2025-08-25,800.0,2178.19,1101.89,274.12,1168.37,2637.59,Insurance,Paid
B0802,P095,A0597,2025-07-08,1200.0,211.0,1880.38,454.98,1660.15,1176.25,Insurance,Pending
B0803,P189,A0223,2025-12-03,900.0,1174.32,822.51,313.95,1948.14,634.74,Insurance,Partially Paid
B0804,P212,A0386,2026-09-25,1200.0,2898.98,649.89,113.23,1024.07,3611.57,Debit Card,Pending
B0805,P245,A1745,2026-02-22,800.0,2780.25,426.28,84.77,1529.21,2392.55,UPI,Pending
B0806,P100,A0483,2025-09-15,800.0,2356.53,1142.55,148.54,1349.79,2800.75,UPI,Paid
B0807,P186,A0939,2025-12-31,900.0,703.9,637.42,42.38,1341.02,857.92,UPI,Paid
B0808,P197,A1978,2026-08-22,700.0,2138.65,1536.36,64.55,1050.87,3259.59,Insurance,Pending
B0809,P212,A1967,2025-11-26,1200.0,1525.07,1853.34,367.4,1615.54,2595.47,Cash,Paid
B0810,P181,A0676,2026-07-29,900.0,2827.25,160.19,59.14,1430.25,2398.05,Insurance,Paid
B0811,P037,A0015,2026-09-17,900.0,2229.83,1497.94,215.49,753.95,3658.33,Debit Card,Partially Paid
B0812,P115,A0273,2025-10-20,600.0,2997.06,1476.98,340.01,1419.65,3314.38,UPI,Partially Paid
B0813,P165,A1273,2025-03-09,700.0,194.84,1575.09,233.84,1558.24,677.85,UPI,Paid
B0814,P251,A0144,2026-01-20,800.0,982.65,943.1,199.82,672.06,1853.87,Credit Card,Paid
B0815,P063,A0580,2026-03-16,600.0,2787.3,93.04,376.1,298.1,2806.14,Cash,Paid
B0816,P039,A0027,2025-01-21,600.0,2077.94,690.87,487.91,460.82,2420.08,Debit Card,Paid
B0817,P105,A0494,2026-10-30,700.0,1477.58,846.62,75.51,16.48,2932.21,Insurance,Partially Paid
B0818,P153,A0902,2025-04-01,1200.0,1467.01,1580.2,254.73,323.29,3669.19,Debit Card,Partially Paid
B0819,P273,A0909,2026-03-01,700.0,2127.17,1932.67,498.49,69.31,4192.04,UPI,Partially Paid
B0820,P123,A1144,2026-09-13,800.0,2873.68,108.79,294.3,1351.23,2136.94,Credit Card,Pending
B0821,P276,A1138,2026-07-09,900.0,2408.88,535.38,40.29,178.23,3625.74,Credit Card,Pending
B0822,P281,A0043,2025-11-09,1200.0,573.84,609.78,443.4,1221.0,719.22,Cash,Pending
B0823,P078,A1512,2025-08-25,900.0,914.58,890.13,272.35,1121.89,1310.47,Debit Card,Paid
B0824,P178,A1528,2025-09-11,1200.0,2430.66,319.02,362.77,1179.39,2407.52,Debit Card,Partially Paid
B0825,P271,A0784,2025-12-04,1200.0,1182.65,1296.52,288.73,825.54,2564.9,Cash,Partially Paid
B0826,P094,A1956,2025-02-22,600.0,2930.41,759.75,346.65,91.83,3851.68,UPI,Paid
B0827,P180,A1281,2025-07-22,1200.0,1066.06,330.87,278.09,381.87,1936.97,Cash,Partially Paid
B0828,P167,A1415,2026-10-27,1200.0,2806.39,1329.34,361.63,496.6,4477.5,UPI,Partially Paid
B0829,P087,A0471,2026-09-17,600.0,39.03,1496.16,58.68,1524.04,552.47,Cash,Pending
B0830,P085,A0465,2026-05-23,700.0,2465.13,244.22,7.1,1429.17,1973.08,Debit Card,Partially Paid
B0831,P079,A1310,2025-12-25,600.0,593.6,106.34,132.35,1585.27,0.0,Cash,Partially Paid
B0832,P019,A1233,2026-02-11,800.0,836.41,1759.91,323.26,564.65,2508.41,Debit Card,Partially Paid
B0833,P126,A0455,2025-05-05,700.0,533.71,1072.19,181.4,1099.58,1024.92,UPI,Paid
B0834,P288,A1814,2025-08-31,800.0,795.53,1920.09,154.66,1141.24,2219.72,Credit Card,Paid
B0835,P079,A0934,2026-03-19,800.0,1699.75,62.26,443.66,1667.72,450.63,Cash,Pending
B0836,P241,A0835,2026-01-13,800.0,428.52,848.04,108.67,1061.17,906.72,Insurance,Paid
B0837,P091,A1195,2026-04-24,600.0,398.06,327.42,117.74,499.67,708.07,Debit Card,Pending
B0838,P168,A0462,2025-10-07,800.0,449.96,740.61,487.23,665.39,837.95,Insurance,Paid
B0839,P275,A0504,2026-02-19,900.0,1555.77,297.4,488.17,1470.54,794.46,UPI,Partially Paid
B0840,P245,A0391,2026-11-27,800.0,1803.42,579.22,109.24,832.5,2240.9,Debit Card,Partially Paid
B0841,P055,A1388,2026-04-04,700.0,2752.47,21.1,31.93,1495.14,1946.5,Credit Card,Partially Paid
B0842,P118,A1043,2026-06-10,700.0,2518.25,1902.36,110.95,888.73,4120.93,Credit Card,Pending
B0843,P236,A1115,2025-03-29,1200.0,2488.22,1927.55,124.93,325.81,5165.03,Cash,Paid
B0844,P196,A0964,2026-06-08,600.0,382.53,1579.14,463.54,1960.23,137.9,Insurance,Partially Paid
B0845,P040,A0747,2025-01-28,800.0,2332.44,1730.65,484.11,1522.8,2856.18,Cash,Pending
B0846,P034,A1874,2026-11-10,800.0,939.51,320.52,474.56,1888.1,0.0,Debit Card,Paid
B0847,P265,A1778,2026-02-09,900.0,2936.34,159.6,248.12,124.19,3623.63,Insurance,Pending
B0848,P160,A0772,2025-11-24,900.0,2759.54,935.91,458.13,1999.1,2138.22,Credit Card,Pending
B0849,P051,A1890,2026-11-08,800.0,688.56,314.66,382.47,617.28,803.47,Debit Card,Paid
B0850,P193,A0476,2025-08-27,1200.0,1632.68,865.42,168.86,1639.19,1890.05,Debit Card,Paid
B0851,P055,A1759,2025-12-02,600.0,1624.35,697.76,438.64,1390.43,1093.04,Credit Card,Paid
B0852,P116,A1403,2025-07-23,900.0,1812.06,1891.27,269.12,1396.94,2937.27,UPI,Partially Paid
B0853,P171,A0877,2025-11-04,600.0,2771.57,1489.14,260.56,982.75,3617.4,Insurance,Partially Paid
B0854,P249,A1117,2025-11-17,700.0,1564.79,879.64,329.67,1462.4,1352.36,UPI,Pending
B0855,P241,A0911,2025-08-24,600.0,2855.46,1583.1,411.58,598.92,4028.06,Insurance,Partially Paid
B0856,P160,A0786,2025-02-01,800.0,2182.55,985.67,393.85,1859.3,1715.07,UPI,Partially Paid
B0857,P004,A0896,2025-12-10,900.0,2502.94,992.26,397.27,290.63,3707.3,Credit Card,Partially Paid
B0858,P060,A0655,2026-11-11,900.0,344.82,1828.77,182.13,1264.22,1627.24,Credit Card,Partially Paid
B0859,P022,A0092,2026-08-12,800.0,1006.03,846.98,375.55,1618.39,659.07,Cash,Pending
B0860,P129,A0261,2026-04-26,800.0,1375.67,1815.13,82.72,1501.43,2406.65,Cash,Paid
B0861,P229,A1534,2026-04-24,900.0,1871.25,930.24,134.83,1828.36,1738.3,Credit Card,Pending
B0862,P075,A1889,2025-03-25,700.0,2949.35,432.81,241.82,822.06,3018.28,UPI,Pending
B0863,P055,A0586,2025-03-31,800.0,1482.11,1837.39,15.84,1747.59,2356.07,Credit Card,Pending
B0864,P295,A0577,2025-03-08,1200.0,1882.09,1863.3,35.35,1751.97,3158.07,Credit Card,Pending
B0865,P159,A1164,2025-10-31,800.0,523.44,908.79,355.46,1450.21,426.56,Cash,Partially Paid
B0866,P273,A1892,2025-08-02,700.0,638.72,1682.92,40.47,290.99,2690.18,Insurance,Partially Paid
B0867,P291,A0701,2025-10-10,800.0,1048.41,1192.74,371.56,1995.77,673.82,Credit Card,Paid
B0868,P287,A1351,2025-01-11,800.0,2257.22,1007.03,198.35,767.01,3098.89,Debit Card,Pending
B0869,P238,A1509,2025-10-08,900.0,2991.02,1485.61,43.29,1992.83,3340.51,Cash,Partially Paid
B0870,P039,A0904,2025-03-22,900.0,1664.35,371.89,320.09,1603.7,1012.45,UPI,Paid
B0871,P121,A0912,2026-03-08,600.0,2604.17,489.73,303.47,552.96,2837.47,Debit Card,Paid
B0872,P033,A1103,2026-03-27,900.0,2171.26,1112.26,266.32,1277.09,2640.11,Credit Card,Paid
B0873,P202,A0687,2026-01-17,900.0,740.92,1351.44,331.82,443.09,2217.45,Debit Card,Pending
B0874,P038,A0119,2026-07-29,600.0,1950.82,1656.31,131.97,727.29,3347.87,Insurance,Partially Paid
B0875,P254,A1098,2025-07-30,800.0,172.58,980.09,255.37,772.62,924.68,Cash,Partially Paid
B0876,P247,A0985,2025-01-04,700.0,85.54,1130.91,382.39,1656.07,0.0,Insurance,Partially Paid
B0877,P161,A0218,2026-10-06,1200.0,754.2,467.12,72.73,1421.6,926.99,Cash,Pending
B0878,P162,A1395,2025-05-27,800.0,1243.58,530.93,495.25,1868.61,210.65,Insurance,Pending
B0879,P242,A0065,2026-03-31,900.0,356.56,1755.18,102.5,586.42,2322.82,Debit Card,Pending
B0880,P028,A1993,2026-12-09,1200.0,2794.45,1304.36,276.62,1151.77,3870.42,UPI,Partially Paid
B0881,P240,A1270,2026-12-26,900.0,1758.47,370.28,422.91,557.21,2048.63,Credit Card,Paid
B0882,P170,A0622,2026-03-27,1200.0,1924.51,1165.59,365.87,1902.07,2022.16,Insurance,Pending
B0883,P187,A0705,2026-08-17,800.0,1830.94,1306.22,340.51,1852.39,1744.26,Cash,Partially Paid
B0884,P024,A0081,2025-03-16,700.0,1427.55,1088.06,432.33,1388.13,1395.15,Cash,Partially Paid
B0885,P019,A0733,2025-04-12,600.0,1966.16,700.72,274.4,386.63,2605.85,Cash,Partially Paid
B0886,P290,A1168,2026-01-21,600.0,2229.58,1007.6,252.05,81.47,3503.66,UPI,Partially Paid
B0887,P228,A1861,2025-08-03,700.0,2327.96,609.66,387.12,219.66,3030.84,Insurance,Partially Paid
B0888,P206,A0923,2025-07-21,700.0,2949.61,467.19,180.98,1452.84,2482.98,Credit Card,Pending
B0889,P058,A0439,2026-06-11,700.0,2121.36,1504.77,173.16,1932.8,2220.17,Cash,Pending
B0890,P018,A0424,2025-07-09,600.0,2076.37,1836.57,2.91,1424.66,3085.37,Cash,Paid
B0891,P097,A0292,2026-03-17,600.0,1759.64,354.08,245.83,674.33,1793.56,Credit Card,Partially Paid
B0892,P251,A0123,2025-06-25,800.0,1564.87,913.82,221.79,1580.73,1476.17,Cash,Pending
B0893,P106,A1972,2026-01-17,700.0,86.67,1204.53,322.54,317.3,1351.36,Credit Card,Pending
B0894,P222,A0572,2026-01-01,1200.0,2150.65,1349.68,201.17,101.81,4397.35,Cash,Partially Paid
B0895,P094,A1956,2025-02-22,600.0,840.57,1787.55,155.44,1431.64,1641.04,Insurance,Paid
B0896,P106,A1294,2026-02-10,1200.0,1764.82,1704.54,249.64,1170.3,3249.42,UPI,Pending
B0897,P037,A1795,2026-05-03,900.0,137.39,142.04,225.51,77.93,875.99,Credit Card,Paid
B0898,P145,A1401,2026-02-12,900.0,1875.26,1529.19,328.38,483.33,3492.74,Debit Card,Partially Paid
B0899,P197,A0978,2026-04-28,700.0,1048.69,1064.73,200.0,1086.68,1526.74,Insurance,Paid
B0900,P221,A1334,2025-06-10,1200.0,425.88,1855.48,359.51,1838.87,1282.98,Debit Card,Partially Paid
B0901,P060,A1332,2026-09-18,1200.0,964.42,767.54,63.56,1397.57,1470.83,Cash,Partially Paid
B0902,P206,A0541,2026-06-03,600.0,1923.65,373.17,374.56,1658.24,864.02,Credit Card,Paid
B0903,P203,A0456,2026-11-05,700.0,1799.59,1120.64,254.27,642.89,2723.07,Insurance,Paid
B0904,P125,A1485,2025-02-28,700.0,1625.07,80.93,220.91,38.35,2146.74,Insurance,Pending
B0905,P183,A1014,2025-08-02,900.0,2259.36,50.76,413.07,1671.87,1125.18,UPI,Partially Paid
B0906,P165,A0046,2026-10-28,900.0,1086.15,1217.15,250.48,1153.25,1799.57,UPI,Partially Paid
B0907,P012,A0422,2026-07-26,800.0,2583.43,40.58,239.8,1756.5,1427.71,UPI,Pending
B0908,P233,A1386,2026-12-17,600.0,2034.13,968.2,133.49,202.71,3266.13,Debit Card,Pending
B0909,P271,A1480,2025-04-08,900.0,2345.08,1685.9,306.72,86.08,4538.18,Insurance,Pending
B0910,P178,A1171,2025-12-05,700.0,627.04,1402.82,261.88,1977.51,490.47,Cash,Pending
B0911,P106,A1266,2026-05-07,700.0,1858.17,1107.11,270.29,1265.64,2129.35,UPI,Paid
B0912,P118,A0833,2025-10-23,800.0,1297.77,1394.13,235.18,1591.68,1665.04,UPI,Partially Paid
B0913,P139,A1495,2026-07-07,700.0,890.51,185.37,149.03,1439.56,187.29,Insurance,Partially Paid
B0914,P208,A1220,2025-02-17,1200.0,1745.61,1652.8,368.34,626.76,3603.31,Cash,Partially Paid
B0915,P291,A0701,2025-10-10,800.0,1935.98,1673.19,436.4,62.6,3910.17,Credit Card,Partially Paid
B0916,P097,A0998,2026-08-26,600.0,2948.87,96.09,28.35,558.55,3058.06,Cash,Partially Paid
B0917,P136,A1189,2025-08-18,900.0,632.99,1233.41,482.69,508.88,1774.83,Cash,Pending
B0918,P297,A1165,2025-04-25,800.0,1298.83,1196.84,108.07,1207.09,1980.51,UPI,Partially Paid
B0919,P276,A0888,2026-12-28,700.0,299.82,1633.0,298.85,446.45,1887.52,UPI,Pending
B0920,P092,A1903,2025-02-17,1200.0,1393.04,1394.48,472.24,1207.69,2307.59,UPI,Partially Paid
B0921,P031,A1527,2025-09-15,900.0,967.89,1540.39,100.86,604.5,2702.92,Insurance,Pending
B0922,P081,A1052,2025-04-16,900.0,1397.18,1011.16,276.59,1510.54,1521.21,Debit Card,Paid
B0923,P163,A0272,2025-05-20,700.0,2423.51,521.56,447.46,1895.31,1302.3,Insurance,Paid
B0924,P019,A1233,2026-02-11,800.0,1779.44,1857.79,316.33,761.15,3359.75,Cash,Paid
B0925,P271,A0683,2025-11-30,800.0,605.81,442.44,437.51,281.65,1129.09,Cash,Paid
B0926,P091,A1930,2025-11-03,600.0,2033.69,423.42,91.28,449.02,2516.81,Insurance,Pending
B0927,P058,A0439,2026-06-11,700.0,2444.14,1802.21,287.52,487.02,4171.81,Cash,Paid
B0928,P286,A0351,2026-11-01,800.0,1434.3,4.39,383.83,141.19,1713.67,Cash,Partially Paid
B0929,P027,A0236,2025-05-31,900.0,2790.17,1740.46,210.58,177.45,5042.6,Credit Card,Pending
B0930,P082,A1716,2026-01-24,900.0,998.71,304.51,394.57,391.95,1416.7,Cash,Paid
B0931,P023,A0644,2026-12-20,800.0,750.25,1031.26,9.55,154.67,2417.29,Insurance,Partially Paid
B0932,P274,A0122,2026-07-15,900.0,1993.72,193.66,407.66,1674.76,1004.96,Cash,Partially Paid
B0933,P078,A0575,2025-10-03,900.0,1239.44,848.4,420.77,1075.76,1491.31,UPI,Paid
B0934,P258,A1431,2026-01-09,700.0,2481.81,30.48,13.29,407.39,2791.61,Credit Card,Pending
B0935,P019,A1150,2025-02-16,900.0,804.25,1577.08,144.41,585.36,2551.56,Credit Card,Partially Paid
B0936,P001,A0856,2025-02-11,800.0,1788.07,1295.43,271.66,1733.05,1878.79,Credit Card,Pending
B0937,P025,A1952,2025-12-23,600.0,2743.6,378.05,372.45,866.0,2483.2,Cash,Paid
B0938,P144,A0741,2025-09-16,600.0,1085.91,1578.04,186.94,332.41,2744.6,UPI,Partially Paid
B0939,P095,A1307,2026-12-23,1200.0,1701.01,1417.92,382.53,1997.44,1938.96,Insurance,Paid
B0940,P246,A1011,2025-07-15,900.0,732.74,794.81,233.7,1596.51,597.34,Cash,Pending
B0941,P032,A1684,2025-09-21,800.0,2855.54,1165.46,357.12,75.08,4388.8,Debit Card,Partially Paid
B0942,P203,A0941,2026-02-09,700.0,650.38,280.53,124.24,776.09,730.58,UPI,Partially Paid
B0943,P292,A1285,2026-12-03,800.0,2444.8,682.74,15.43,1710.21,2201.9,UPI,Partially Paid
B0944,P241,A1089,2026-10-09,1200.0,55.47,716.45,344.72,1587.96,39.24,Credit Card,Paid
B0945,P171,A1542,2025-01-04,800.0,2431.58,1017.31,291.99,1514.53,2442.37,Debit Card,Partially Paid
B0946,P002,A1705,2025-01-26,600.0,650.97,337.06,398.57,1584.84,0.0,Debit Card,Pending
B0947,P294,A0693,2026-10-14,600.0,1782.01,1035.16,318.46,1265.49,1833.22,Credit Card,Pending
B0948,P134,A0202,2026-10-18,1200.0,911.94,991.79,389.08,43.93,2670.72,Insurance,Paid
B0949,P078,A0074,2025-08-17,700.0,467.22,924.09,316.09,1457.85,317.37,UPI,Paid
B0950,P014,A0072,2025-03-26,900.0,665.15,954.54,380.3,1368.46,770.93,Insurance,Pending
B0951,P197,A1978,2026-08-22,700.0,2124.9,1383.27,344.65,718.04,3145.48,Cash,Partially Paid
B0952,P287,A0042,2025-06-22,700.0,862.04,82.91,254.71,1481.48,0.0,Credit Card,Pending
B0953,P073,A1312,2025-11-01,800.0,2628.83,1378.7,491.61,305.32,4010.6,Debit Card,Pending
B0954,P027,A0674,2025-11-04,600.0,489.72,1815.01,79.96,1245.51,1579.26,UPI,Paid
B0955,P222,A1935,2025-09-14,900.0,457.42,1011.88,261.91,1496.57,610.82,Cash,Pending
B0956,P236,A1115,2025-03-29,1200.0,897.46,175.82,218.42,1283.04,771.82,Credit Card,Pending
B0957,P063,A0460,2025-04-09,600.0,1801.05,271.57,231.35,179.12,2262.15,Debit Card,Paid
B0958,P271,A0436,2026-10-02,800.0,2140.53,17.86,286.49,596.77,2075.13,Credit Card,Pending
B0959,P245,A1188,2026-12-30,800.0,2922.74,432.51,207.34,1759.75,2188.16,Debit Card,Partially Paid
B0960,P169,A0596,2025-05-05,1200.0,564.11,1820.18,415.6,1531.12,1637.57,UPI,Partially Paid
B0961,P108,A1815,2025-03-22,800.0,2401.09,1311.63,64.61,1724.55,2723.56,Credit Card,Partially Paid
B0962,P031,A1938,2026-04-17,1200.0,443.91,220.85,194.87,448.79,1221.1,Cash,Partially Paid
B0963,P088,A0290,2025-08-20,1200.0,2935.81,1094.42,98.35,1724.57,3407.31,UPI,Pending
B0964,P034,A0114,2026-10-17,600.0,2787.86,869.98,320.18,797.89,3139.77,Debit Card,Partially Paid
B0965,P281,A1158,2026-02-05,600.0,879.7,1351.4,362.26,148.25,2320.59,Debit Card,Partially Paid
B0966,P173,A1871,2025-10-19,1200.0,1710.65,1967.66,482.25,1086.87,3309.19,Cash,Pending
B0967,P149,A1434,2025-08-13,800.0,1040.32,601.87,379.14,1380.09,682.96,Credit Card,Partially Paid
B0968,P198,A1650,2026-10-07,900.0,2614.14,1623.54,343.73,399.6,4394.35,Insurance,Partially Paid
B0969,P027,A1989,2025-10-01,1200.0,2559.89,1943.09,8.72,1867.58,3826.68,Cash,Partially Paid
B0970,P143,A0933,2026-12-27,600.0,2606.0,1938.37,185.09,1171.03,3788.25,UPI,Pending
B0971,P272,A0453,2025-01-16,1200.0,1858.19,1415.19,235.78,1276.83,2960.77,Debit Card,Partially Paid
B0972,P116,A0678,2026-07-12,700.0,2157.54,356.26,272.74,1081.14,1859.92,UPI,Paid
B0973,P180,A1308,2026-09-20,700.0,2830.63,1156.1,396.39,970.51,3319.83,Credit Card,Paid
B0974,P237,A0360,2025-12-02,900.0,1235.56,743.79,71.42,5.59,2802.34,Insurance,Paid
B0975,P066,A1963,2025-03-23,800.0,2090.51,295.47,350.14,1098.91,1736.93,Insurance,Pending
B0976,P067,A1765,2026-07-31,600.0,2172.87,592.66,155.81,1895.27,1314.45,Insurance,Partially Paid
B0977,P257,A0469,2026-12-01,600.0,2806.97,792.57,134.62,1398.04,2666.88,Cash,Partially Paid
B0978,P220,A1204,2026-10-30,600.0,695.64,1100.62,109.18,1107.45,1179.63,Credit Card,Partially Paid
B0979,P263,A1092,2025-12-19,700.0,2898.85,177.67,211.21,1661.52,1903.79,UPI,Paid
B0980,P001,A0785,2025-07-24,900.0,2016.25,128.56,284.25,1178.0,1582.56,Insurance,Partially Paid
B0981,P267,A1282,2025-03-21,1200.0,1477.59,1909.83,82.62,1788.54,2716.26,Credit Card,Pending
B0982,P139,A1408,2026-09-11,900.0,548.38,1094.42,237.42,709.84,1595.54,Debit Card,Pending
B0983,P238,A1409,2026-06-06,800.0,2934.75,1751.26,240.58,955.97,4289.46,Credit Card,Paid
B0984,P156,A1435,2025-08-29,1200.0,2582.26,1809.95,288.26,794.39,4509.56,Credit Card,Paid
B0985,P078,A1315,2025-04-23,800.0,2921.55,320.0,329.7,303.63,3408.22,Cash,Paid
B0986,P051,A1890,2026-11-08,800.0,326.01,1504.32,465.62,1061.65,1103.06,UPI,Paid
B0987,P023,A1767,2025-06-20,900.0,1250.73,1920.75,415.64,1228.72,2427.12,Credit Card,Pending
B0988,P184,A0988,2026-10-13,900.0,1421.51,1144.55,409.36,1667.18,1389.52,Cash,Paid
B0989,P266,A1443,2026-07-30,1200.0,106.09,403.35,122.75,336.89,1249.8,UPI,Pending
B0990,P093,A1442,2025-03-22,600.0,2433.45,1529.07,124.37,803.69,3634.46,Debit Card,Pending
B0991,P071,A1754,2026-06-06,1200.0,73.15,1125.36,369.34,1148.31,880.86,UPI,Paid
B0992,P023,A0249,2026-06-15,800.0,1769.16,1705.07,271.78,285.19,3717.26,UPI,Pending
B0993,P088,A0512,2026-08-07,900.0,1648.46,1594.24,301.34,1274.74,2566.62,Debit Card,Partially Paid
B0994,P014,A1276,2025-09-29,800.0,1640.8,1331.23,473.95,1303.43,1994.65,Cash,Partially Paid
B0995,P201,A1622,2026-06-27,900.0,41.16,1923.49,287.6,1818.0,759.05,Debit Card,Paid
B0996,P268,A0395,2025-07-07,1200.0,366.57,1577.33,204.14,1104.87,1834.89,UPI,Pending
B0997,P257,A1870,2026-11-27,600.0,1324.81,1159.91,341.44,443.76,2299.52,Insurance,Paid
B0998,P130,A0377,2025-06-07,900.0,2063.62,1351.13,389.04,631.35,3294.36,Debit Card,Paid
B0999,P274,A1525,2025-10-04,900.0,869.83,1563.82,395.6,1442.48,1495.57,Credit Card,Pending
B1000,P060,A1166,2026-08-03,1200.0,2801.57,1197.66,479.76,1998.99,2720.48,UPI,Partially Paid
B1001,P063,A0540,2025-06-09,600.0,62.1,1566.81,86.62,714.73,1427.56,Debit Card,Pending
B1002,P266,A0358,2025-05-08,900.0,240.43,756.33,434.06,216.9,1245.8,Insurance,Pending
B1003,P169,A0921,2025-02-09,900.0,2579.26,953.41,367.8,102.44,3962.43,Insurance,Paid
B1004,P165,A1273,2025-03-09,700.0,927.39,889.45,5.73,498.89,2012.22,Cash,Paid
B1005,P099,A0850,2026-11-11,1200.0,910.85,131.04,67.74,1969.12,205.03,Insurance,Partially Paid
B1006,P014,A1019,2026-11-14,700.0,241.97,1672.05,25.23,1093.73,1495.06,Credit Card,Pending
B1007,P130,A0560,2026-09-16,1200.0,625.15,1240.24,239.89,1916.69,908.81,UPI,Partially Paid
B1008,P201,A1998,2026-06-18,800.0,1482.39,937.54,382.91,1606.78,1230.24,Credit Card,Partially Paid
B1009,P057,A0017,2026-02-17,700.0,2893.84,333.47,93.84,98.25,3735.22,Cash,Partially Paid
B1010,P099,A0850,2026-11-11,1200.0,145.53,775.7,384.45,1245.66,491.12,Insurance,Pending
B1011,P145,A1637,2026-09-10,900.0,696.24,338.54,485.81,793.14,655.83,UPI,Pending
B1012,P175,A1772,2026-07-11,600.0,2750.39,22.64,333.53,1592.07,1447.43,UPI,Partially Paid
B1013,P063,A0580,2026-03-16,600.0,1782.47,567.92,198.64,76.95,2674.8,Cash,Partially Paid
B1014,P008,A0726,2026-11-22,700.0,1579.57,684.16,199.42,10.45,2753.86,Insurance,Pending
B1015,P147,A0946,2026-01-02,900.0,884.74,1784.71,290.1,1974.79,1304.56,UPI,Pending
B1016,P111,A0404,2026-07-17,900.0,1920.44,623.96,477.66,410.52,2556.22,Cash,Pending
B1017,P123,A1479,2025-09-24,900.0,1528.67,635.38,101.89,517.56,2444.6,Credit Card,Pending
B1018,P281,A0043,2025-11-09,1200.0,248.61,404.21,468.05,1291.8,92.97,UPI,Pending
B1019,P053,A1486,2026-02-15,1200.0,1029.23,473.03,225.54,286.57,2190.15,UPI,Partially Paid
B1020,P145,A1096,2025-09-27,800.0,2785.5,98.57,176.66,1647.91,1859.5,Debit Card,Partially Paid
B1021,P270,A1010,2026-03-06,900.0,2794.12,665.01,247.19,1456.04,2655.9,UPI,Partially Paid
B1022,P210,A1372,2025-01-15,700.0,683.7,996.22,127.53,1169.41,1082.98,UPI,Pending
B1023,P111,A0837,2026-07-03,900.0,2758.17,1505.49,56.1,268.66,4838.9,UPI,Pending
B1024,P165,A1440,2026-12-03,700.0,1202.21,1923.67,250.29,477.38,3098.21,UPI,Pending
B1025,P255,A1237,2026-12-23,800.0,2654.19,1708.15,18.1,352.12,4792.12,Debit Card,Partially Paid
B1026,P070,A1825,2026-12-04,700.0,1420.0,953.56,47.95,1343.06,1682.55,Credit Card,Partially Paid
B1027,P222,A1935,2025-09-14,900.0,1739.03,1522.41,253.65,1829.27,2078.52,Credit Card,Paid
B1028,P106,A0334,2025-12-21,800.0,1635.97,631.0,324.12,935.36,1807.49,Cash,Partially Paid
B1029,P220,A1204,2026-10-30,600.0,2037.24,579.42,211.28,76.5,2928.88,Credit Card,Partially Paid
B1030,P277,A0417,2025-01-14,600.0,2141.32,765.48,64.0,192.29,3250.51,Debit Card,Paid
B1031,P190,A1590,2026-05-08,900.0,146.59,394.22,46.94,891.17,502.7,Cash,Pending
B1032,P274,A1934,2026-03-27,1200.0,684.69,1049.88,371.4,1047.9,1515.27,Insurance,Paid
B1033,P037,A1548,2026-05-13,900.0,1150.53,1476.65,136.07,193.41,3197.7,Insurance,Partially Paid
B1034,P282,A1404,2025-12-23,600.0,207.62,1669.42,467.35,556.28,1453.41,Debit Card,Paid
B1035,P066,A1995,2025-11-20,700.0,438.75,1793.59,278.86,1539.01,1114.47,Credit Card,Partially Paid
B1036,P016,A1966,2025-05-04,1200.0,1017.9,1238.91,261.63,734.86,2460.32,Credit Card,Partially Paid
B1037,P044,A1002,2025-08-16,700.0,1530.42,926.68,76.22,212.31,2868.57,Credit Card,Paid
B1038,P145,A1227,2025-09-29,700.0,1216.63,1870.71,4.95,1601.6,2180.79,Credit Card,Pending
B1039,P244,A0103,2025-07-02,900.0,2729.49,1833.21,401.01,1936.33,3125.36,Credit Card,Paid
B1040,P084,A0188,2025-01-11,800.0,1769.12,993.59,67.74,679.07,2815.9,UPI,Partially Paid
B1041,P086,A0459,2025-08-10,900.0,1776.15,1367.32,385.93,1766.88,1890.66,Debit Card,Partially Paid
B1042,P237,A0360,2025-12-02,900.0,1663.18,1855.37,78.7,916.7,3423.15,UPI,Pending
B1043,P082,A1885,2026-04-14,1200.0,1577.99,1531.94,418.68,407.56,3483.69,Insurance,Paid
B1044,P053,A1486,2026-02-15,1200.0,544.35,674.17,157.78,955.09,1305.65,Credit Card,Partially Paid
B1045,P181,A1374,2025-12-01,600.0,2031.67,1189.1,361.56,60.87,3398.34,Cash,Paid
B1046,P032,A0091,2025-08-22,800.0,2500.23,840.28,217.49,1656.13,2266.89,Debit Card,Pending
B1047,P003,A0168,2026-06-07,700.0,2691.48,1877.02,459.39,360.85,4448.26,Cash,Partially Paid
B1048,P169,A0968,2025-04-26,900.0,1686.9,734.01,458.13,1782.33,1080.45,Debit Card,Partially Paid
B1049,P179,A0251,2026-12-23,800.0,2871.76,134.3,174.45,158.7,3472.91,Insurance,Paid
B1050,P019,A0733,2025-04-12,600.0,102.21,938.11,364.22,52.95,1223.15,UPI,Pending
B1051,P277,A0942,2025-12-19,700.0,539.67,1385.2,152.82,269.66,2202.39,UPI,Pending
B1052,P029,A0210,2026-07-27,800.0,1652.26,85.98,273.95,1759.46,504.83,Credit Card,Partially Paid
B1053,P230,A1421,2025-08-23,600.0,282.12,993.05,419.5,2.27,1453.4,UPI,Partially Paid
B1054,P198,A1650,2026-10-07,900.0,398.34,1843.98,378.82,76.68,2686.82,UPI,Paid
B1055,P081,A1808,2026-04-04,800.0,512.8,150.79,413.19,1202.83,0.0,Insurance,Partially Paid
B1056,P122,A1813,2026-11-03,900.0,66.13,807.26,98.72,1738.25,0.0,Credit Card,Partially Paid
B1057,P107,A0157,2026-04-30,1200.0,1368.8,1903.66,112.8,669.07,3690.59,Credit Card,Partially Paid
B1058,P143,A0933,2026-12-27,600.0,1701.63,1066.78,123.24,853.64,2391.53,UPI,Pending
B1059,P144,A0828,2025-02-25,1200.0,2195.04,1913.62,195.34,400.22,4713.1,Credit Card,Partially Paid
B1060,P203,A1750,2026-06-24,700.0,872.26,1066.17,281.22,653.63,1703.58,Cash,Paid
B1061,P075,A0315,2026-09-13,600.0,1276.41,319.73,382.0,284.44,1529.7,Credit Card,Partially Paid
B1062,P178,A1528,2025-09-11,1200.0,2603.18,799.12,407.69,1134.82,3059.79,UPI,Paid
B1063,P196,A1026,2025-01-31,900.0,741.05,1299.6,452.02,428.8,2059.83,Debit Card,Paid
B1064,P225,A1823,2025-11-20,1200.0,2174.96,61.75,141.74,1228.55,2066.42,Credit Card,Partially Paid
B1065,P094,A1455,2026-05-30,800.0,1755.74,990.55,174.1,1755.51,1616.68,Debit Card,Partially Paid
B1066,P224,A1136,2026-07-01,600.0,2119.02,173.28,37.26,1864.34,990.7,Cash,Pending
B1067,P194,A0994,2025-08-08,700.0,210.29,688.51,119.2,1958.54,0.0,Cash,Paid
B1068,P236,A1896,2025-07-31,1200.0,896.07,629.49,127.45,596.79,2001.32,Credit Card,Pending
B1069,P106,A1114,2026-05-31,600.0,27.42,650.37,68.82,1138.45,70.52,Debit Card,Partially Paid
B1070,P128,A0578,2025-12-11,1200.0,2264.11,917.38,171.42,514.77,3695.3,UPI,Paid
B1071,P133,A1056,2025-12-09,700.0,2122.3,1237.07,248.06,423.9,3387.41,Debit Card,Pending
B1072,P099,A0235,2025-04-15,800.0,609.63,103.86,214.02,1673.39,0.0,Insurance,Pending
B1073,P034,A0114,2026-10-17,600.0,1176.14,36.46,63.54,939.51,809.55,Debit Card,Partially Paid
B1074,P064,A1441,2026-10-10,900.0,2616.05,320.28,38.41,1543.03,2254.89,Debit Card,Paid
B1075,P168,A0894,2025-07-12,1200.0,434.41,1494.4,466.27,1484.53,1178.01,Insurance,Partially Paid
B1076,P261,A0140,2025-03-01,900.0,1669.32,1315.02,364.57,126.18,3393.59,Debit Card,Paid
B1077,P277,A0417,2025-01-14,600.0,2949.95,1169.94,134.84,1180.66,3404.39,Debit Card,Pending
B1078,P254,A0843,2026-04-16,700.0,2264.03,208.35,401.09,1924.65,846.64,Cash,Paid
B1079,P175,A0035,2025-06-30,1200.0,2060.26,1345.88,5.12,429.79,4171.23,Insurance,Pending
B1080,P284,A0776,2025-02-21,1200.0,2713.7,113.38,229.97,1862.65,1934.46,Credit Card,Partially Paid
B1081,P197,A1810,2026-03-20,600.0,58.91,960.33,279.88,1729.2,0.0,UPI,Partially Paid
B1082,P231,A0106,2025-12-31,900.0,608.57,206.62,287.23,487.08,940.88,Insurance,Paid
B1083,P203,A1961,2025-08-16,900.0,2238.56,342.62,427.94,1962.34,1090.9,Debit Card,Paid
B1084,P006,A0697,2025-06-07,800.0,2806.03,1411.78,151.86,345.08,4520.87,Cash,Partially Paid
B1085,P150,A1277,2026-05-31,600.0,1148.74,1908.84,499.29,853.41,2304.88,Debit Card,Partially Paid
B1086,P247,A0527,2025-05-26,600.0,575.3,1144.56,466.15,125.69,1728.02,Cash,Partially Paid
B1087,P234,A1981,2026-08-31,900.0,405.54,48.02,250.28,1507.99,0.0,UPI,Partially Paid
B1088,P055,A1254,2025-06-13,600.0,688.62,647.34,159.12,325.66,1451.18,UPI,Paid
B1089,P075,A0315,2026-09-13,600.0,1444.07,737.23,21.64,412.59,2347.07,Cash,Partially Paid
B1090,P043,A0481,2026-01-18,700.0,1903.73,1896.77,244.95,457.77,3797.78,Credit Card,Paid
B1091,P037,A1473,2025-01-08,700.0,293.63,1031.53,218.65,1424.68,381.83,Insurance,Partially Paid
B1092,P251,A1597,2025-05-12,700.0,1933.35,588.16,348.03,619.33,2254.15,Cash,Paid
B1093,P043,A0609,2025-08-24,600.0,1625.44,1808.11,278.18,1979.32,1776.05,Insurance,Paid
B1094,P010,A1197,2025-04-17,700.0,1531.09,1137.06,269.09,1962.97,1136.09,Insurance,Pending
B1095,P299,A0707,2026-10-04,700.0,2924.1,1066.5,391.58,1838.0,2461.02,Credit Card,Paid
B1096,P158,A1531,2026-12-13,900.0,1455.43,237.23,427.09,1201.76,963.81,Insurance,Pending
B1097,P140,A1275,2026-01-17,900.0,1963.76,1569.14,357.77,431.1,3644.03,Credit Card,Paid
B1098,P118,A1592,2026-04-13,1200.0,2240.23,1904.32,58.09,293.49,4992.97,Credit Card,Paid
B1099,P114,A1653,2026-04-14,800.0,66.58,204.34,309.98,1641.32,0.0,UPI,Paid
B1100,P198,A1664,2026-07-09,600.0,223.71,44.04,166.93,961.74,0.0,Debit Card,Partially Paid
B1101,P097,A0998,2026-08-26,600.0,1937.96,137.82,249.39,450.17,1976.22,Credit Card,Partially Paid
B1102,P071,A0668,2026-12-11,900.0,432.39,942.26,14.03,393.06,1867.56,Insurance,Pending
B1103,P167,A0883,2026-05-28,600.0,801.52,1044.37,336.5,460.36,1649.03,Insurance,Partially Paid
B1104,P164,A0118,2025-11-05,600.0,546.34,406.57,487.92,972.08,92.91,Credit Card,Pending
B1105,P290,A0159,2025-02-07,700.0,1137.37,638.41,305.64,846.01,1324.13,Credit Card,Paid
B1106,P141,A0176,2026-11-22,900.0,2940.24,1722.67,154.18,363.46,5045.27,UPI,Paid
B1107,P273,A1704,2025-01-31,700.0,1841.17,1198.14,384.77,914.08,2440.46,Debit Card,Partially Paid
B1108,P156,A1435,2025-08-29,1200.0,1636.62,292.08,208.92,1835.39,1084.39,Cash,Partially Paid
B1109,P063,A0488,2026-03-04,900.0,712.57,48.32,469.13,1917.01,0.0,Credit Card,Partially Paid
B1110,P247,A0527,2025-05-26,600.0,1226.73,64.79,3.48,1414.84,473.2,Credit Card,Pending
B1111,P076,A0014,2026-06-21,1200.0,1869.08,509.92,465.54,1264.99,1848.47,Cash,Pending
B1112,P107,A1949,2025-12-01,900.0,1717.06,1665.51,287.58,204.74,3790.25,Credit Card,Partially Paid
B1113,P225,A1691,2025-06-07,800.0,813.77,1035.63,209.34,4.79,2435.27,Insurance,Paid
B1114,P232,A1428,2025-09-02,900.0,1457.09,1694.92,394.49,1616.74,2040.78,Cash,Partially Paid
B1115,P249,A1706,2026-08-08,600.0,1748.55,678.82,355.99,1372.75,1298.63,Credit Card,Pending
B1116,P238,A1683,2025-10-15,800.0,2734.19,1044.47,449.87,1213.47,2915.32,UPI,Pending
B1117,P290,A1168,2026-01-21,600.0,790.66,1723.29,255.72,1173.52,1684.71,Cash,Paid
B1118,P004,A0252,2026-12-13,900.0,1514.15,1086.02,379.89,500.53,2619.75,Credit Card,Partially Paid
B1119,P122,A1501,2026-03-06,800.0,819.06,368.98,253.55,1346.44,388.05,Cash,Partially Paid
B1120,P012,A0335,2026-01-11,1200.0,163.38,1011.97,458.14,675.69,1241.52,Credit Card,Paid
B1121,P063,A0944,2026-12-18,900.0,1811.76,193.73,223.94,733.85,1947.7,Credit Card,Partially Paid
B1122,P137,A0730,2026-08-25,900.0,237.67,426.18,159.59,837.33,566.93,Credit Card,Paid
B1123,P226,A1877,2026-08-27,900.0,1342.94,211.89,411.72,427.87,1615.24,Insurance,Paid
B1124,P123,A0744,2026-10-17,900.0,1248.63,513.45,345.67,1468.32,848.09,Credit Card,Paid
B1125,P009,A1873,2026-07-29,800.0,888.86,1886.93,8.13,196.04,3371.62,Insurance,Pending
B1126,P120,A0062,2026-08-25,600.0,2479.1,376.37,36.82,15.61,3403.04,UPI,Partially Paid
B1127,P226,A0938,2025-05-01,1200.0,24.4,42.21,476.3,1169.57,0.0,Debit Card,Pending
B1128,P126,A1916,2026-03-09,700.0,2947.15,432.15,121.8,187.07,3770.43,Credit Card,Paid
B1129,P265,A1104,2025-05-17,900.0,573.06,1600.35,453.88,513.66,2105.87,UPI,Pending
B1130,P139,A1408,2026-09-11,900.0,848.63,1423.04,200.15,1921.85,1049.67,Cash,Pending
B1131,P024,A0433,2025-06-30,900.0,396.71,87.26,10.57,1071.82,301.58,UPI,Paid
B1132,P282,A1301,2026-08-03,600.0,2359.61,1.13,475.0,194.63,2291.11,Cash,Paid
B1133,P191,A1855,2026-08-20,900.0,2514.42,1290.86,7.6,1442.8,3254.88,Debit Card,Pending
B1134,P197,A0208,2026-06-20,600.0,841.92,1348.95,266.08,1789.93,734.86,Credit Card,Paid
B1135,P181,A0124,2026-09-01,900.0,2895.4,373.21,343.55,1002.69,2822.37,Credit Card,Partially Paid
B1136,P169,A0234,2026-08-12,1200.0,149.53,150.9,320.17,240.93,939.33,Credit Card,Partially Paid
B1137,P276,A1762,2026-04-15,700.0,710.45,211.71,70.19,1196.37,355.6,Debit Card,Paid
B1138,P098,A1410,2025-03-10,800.0,1457.51,1110.76,403.34,1673.42,1291.51,Credit Card,Paid
B1139,P066,A1963,2025-03-23,800.0,1660.56,1486.99,71.88,1362.05,2513.62,Insurance,Partially Paid
B1140,P232,A0001,2026-09-05,900.0,434.21,1354.57,457.54,72.18,2159.06,Credit Card,Paid
B1141,P028,A0032,2026-06-11,700.0,12.24,1754.6,162.38,997.32,1307.14,Credit Card,Pending
B1142,P293,A1986,2025-01-04,900.0,2189.56,361.51,302.77,1738.88,1409.42,UPI,Paid
B1143,P267,A0858,2026-10-23,800.0,1568.96,1379.73,274.97,394.22,3079.5,UPI,Paid
B1144,P038,A0863,2025-03-13,900.0,2096.03,1745.4,378.96,1903.21,2459.26,Debit Card,Pending
B1145,P181,A0124,2026-09-01,900.0,1037.9,306.11,213.79,308.06,1722.16,Credit Card,Pending
B1146,P215,A1940,2026-04-03,1200.0,2057.2,1121.21,357.45,1642.47,2378.49,Cash,Partially Paid
B1147,P067,A1191,2025-10-26,600.0,1862.93,459.35,473.12,1411.03,1038.13,Debit Card,Partially Paid
B1148,P065,A1246,2026-12-18,600.0,487.64,1546.94,401.11,357.71,1875.76,Cash,Partially Paid
B1149,P081,A1808,2026-04-04,800.0,1744.84,1910.88,252.18,737.14,3466.4,Credit Card,Partially Paid
B1150,P290,A0963,2025-10-30,700.0,142.87,1048.39,380.05,1613.02,0.0,Credit Card,Pending
B1151,P212,A0299,2026-09-09,900.0,169.84,1265.5,424.75,1336.91,573.68,Cash,Pending
B1152,P081,A1298,2026-07-25,800.0,1654.25,1971.68,444.35,1274.24,2707.34,Cash,Paid
B1153,P260,A1886,2026-06-28,800.0,1100.83,773.37,333.9,1871.95,468.35,Debit Card,Paid
B1154,P187,A1194,2025-02-25,600.0,2326.65,95.04,305.65,260.74,2455.3,UPI,Partially Paid
B1155,P039,A1153,2026-05-03,700.0,2477.81,1791.37,405.79,1913.16,2650.23,Cash,Pending
B1156,P143,A0933,2026-12-27,600.0,722.21,1848.17,180.33,1527.76,1462.29,Debit Card,Paid
B1157,P269,A1850,2026-04-13,600.0,2191.43,1342.46,272.59,1900.75,1960.55,Debit Card,Partially Paid
B1158,P129,A1532,2025-04-04,700.0,1858.1,932.53,229.31,1713.71,1547.61,Credit Card,Partially Paid
B1159,P165,A1322,2026-09-23,700.0,207.43,516.5,439.35,46.88,937.7,Insurance,Partially Paid
B1160,P283,A1000,2025-02-23,800.0,1480.74,754.13,379.54,693.62,1961.71,UPI,Pending
B1161,P093,A0564,2025-10-08,700.0,1670.6,1381.17,271.76,1158.53,2321.48,UPI,Pending
B1162,P134,A1135,2026-10-24,1200.0,1938.33,1647.07,150.49,862.42,3772.49,Cash,Partially Paid
B1163,P043,A0609,2025-08-24,600.0,1562.34,1578.7,301.78,690.58,2748.68,Debit Card,Paid
B1164,P060,A0655,2026-11-11,900.0,1330.42,1502.21,114.72,365.9,3252.01,Debit Card,Paid
B1165,P231,A0194,2026-01-03,700.0,2283.99,757.98,396.88,254.96,3090.13,Debit Card,Partially Paid
B1166,P086,A1700,2025-12-25,800.0,584.99,737.65,336.1,348.31,1438.23,Credit Card,Pending
B1167,P194,A1784,2025-03-30,600.0,1252.49,890.53,388.44,736.83,1617.75,Credit Card,Partially Paid
B1168,P010,A1197,2025-04-17,700.0,1429.4,520.71,206.72,232.15,2211.24,Debit Card,Paid
B1169,P292,A0356,2025-05-08,600.0,1765.03,1696.55,14.39,1123.63,2923.56,Credit Card,Pending
B1170,P146,A0748,2026-04-15,1200.0,1487.15,468.42,370.19,466.76,2318.62,Insurance,Pending
B1171,P096,A0309,2025-06-09,700.0,426.12,1091.45,496.14,881.96,839.47,Credit Card,Paid
B1172,P115,A1445,2025-04-04,600.0,2997.18,1436.58,492.53,1013.18,3528.05,Credit Card,Paid
B1173,P048,A1176,2025-07-16,800.0,2838.23,1550.72,440.76,25.98,4722.21,Cash,Pending
B1174,P071,A1559,2025-05-10,1200.0,1897.03,1150.4,79.76,108.35,4059.32,Cash,Partially Paid
B1175,P039,A0467,2025-11-25,800.0,2564.43,938.98,288.81,1387.27,2627.33,Insurance,Pending
B1176,P008,A0986,2026-04-19,800.0,971.95,1498.27,114.8,398.92,2756.5,Insurance,Partially Paid
B1177,P216,A0503,2026-10-01,800.0,1797.06,72.56,318.72,1566.12,784.78,Debit Card,Pending
B1178,P042,A1608,2026-10-04,1200.0,1048.46,735.96,297.87,1734.06,952.49,Insurance,Pending
B1179,P031,A1552,2026-09-16,1200.0,1796.0,1992.86,31.8,380.42,4576.64,Cash,Partially Paid
B1180,P284,A0050,2025-10-20,900.0,106.07,867.22,400.0,478.21,995.08,Debit Card,Pending
B1181,P203,A0941,2026-02-09,700.0,2291.21,1788.67,17.67,1413.59,3348.62,Insurance,Paid
B1182,P106,A0334,2025-12-21,800.0,2755.07,570.41,150.11,1842.16,2133.21,Credit Card,Pending
B1183,P086,A1354,2026-12-19,1200.0,1785.1,1284.62,469.62,249.78,3550.32,Credit Card,Pending
B1184,P267,A1282,2025-03-21,1200.0,2148.39,1230.4,352.72,1844.95,2381.12,Insurance,Partially Paid
B1185,P122,A1084,2025-04-11,1200.0,1338.58,86.48,150.71,984.82,1489.53,Credit Card,Paid
B1186,P235,A1458,2025-05-11,1200.0,2793.18,1301.1,388.11,940.65,3965.52,Insurance,Paid
B1187,P115,A0273,2025-10-20,600.0,2761.72,311.63,238.08,934.02,2501.25,UPI,Partially Paid
B1188,P257,A0245,2025-03-21,800.0,1565.98,41.03,19.13,601.75,1786.13,Insurance,Partially Paid
B1189,P010,A1197,2025-04-17,700.0,2857.2,952.29,392.02,1533.75,2583.72,Credit Card,Paid
B1190,P249,A1706,2026-08-08,600.0,1712.58,102.65,194.55,787.97,1432.71,UPI,Partially Paid
B1191,P222,A1780,2025-12-28,700.0,116.89,1413.19,333.7,294.77,1601.61,Insurance,Paid
B1192,P256,A0839,2025-03-15,800.0,2739.83,1478.5,145.8,719.65,4152.88,Insurance,Paid
B1193,P089,A1626,2025-03-20,800.0,1874.87,1144.94,180.54,1146.2,2493.07,UPI,Partially Paid
B1194,P287,A0096,2026-05-29,900.0,1644.58,245.09,437.84,1784.21,567.62,Credit Card,Partially Paid
B1195,P033,A0364,2026-09-02,1200.0,1628.4,879.36,417.15,599.64,2690.97,Insurance,Paid
B1196,P214,A1154,2025-03-18,900.0,69.96,273.83,468.63,1375.44,0.0,Cash,Partially Paid
B1197,P003,A1515,2026-09-02,1200.0,2307.68,1818.94,255.67,286.03,4784.92,Cash,Paid
B1198,P140,A0200,2026-04-07,700.0,2968.03,1221.34,445.62,57.5,4386.25,Credit Card,Partially Paid
B1199,P194,A1452,2025-02-18,900.0,1413.9,1966.63,19.65,1844.42,2416.46,Insurance,Pending
B1200,P042,A1910,2026-04-01,700.0,682.13,1801.35,447.03,1858.11,878.34,Credit Card,Pending
B1201,P082,A1566,2026-01-04,700.0,1300.37,590.23,472.44,465.78,1652.38,UPI,Partially Paid
B1202,P153,A1539,2026-04-27,800.0,266.44,1668.54,122.69,1118.49,1493.8,UPI,Paid
B1203,P165,A0046,2026-10-28,900.0,981.6,478.62,232.12,1764.75,363.35,Debit Card,Pending
B1204,P049,A1954,2026-07-30,800.0,2148.44,505.41,154.21,749.58,2550.06,Cash,Pending
B1205,P024,A0720,2025-12-29,900.0,745.97,1695.11,388.05,478.9,2474.13,Credit Card,Partially Paid
B1206,P296,A1969,2026-09-11,700.0,2161.78,1581.7,433.07,1024.0,2986.41,UPI,Partially Paid
B1207,P235,A0722,2025-05-24,700.0,1658.6,763.62,453.01,827.07,1842.14,Insurance,Paid
B1208,P276,A1887,2026-08-08,600.0,2563.76,737.09,111.79,295.38,3493.68,Credit Card,Paid
B1209,P041,A0881,2025-08-27,700.0,249.51,292.99,474.33,1039.12,0.0,Credit Card,Pending
B1210,P265,A0755,2025-01-06,1200.0,2956.93,1690.01,359.79,1409.89,4077.26,Cash,Pending
B1211,P123,A0300,2025-01-25,900.0,633.15,1342.36,23.06,326.68,2525.77,Insurance,Pending
B1212,P167,A1415,2026-10-27,1200.0,2387.27,72.02,217.51,905.5,2536.28,Credit Card,Pending
B1213,P174,A0808,2026-02-10,600.0,2433.51,1626.02,214.78,1846.82,2597.93,Debit Card,Pending
B1214,P134,A0670,2026-06-13,1200.0,1260.98,89.71,326.81,599.56,1624.32,Debit Card,Pending
B1215,P053,A0832,2026-06-06,800.0,1022.31,1330.08,28.94,1932.84,1190.61,Debit Card,Partially Paid
B1216,P280,A1599,2026-02-04,800.0,340.65,1649.48,389.36,1047.5,1353.27,Credit Card,Paid
B1217,P190,A1866,2025-03-07,800.0,2234.34,365.22,277.39,1485.09,1637.08,Cash,Pending
B1218,P104,A1368,2026-10-22,1200.0,157.36,246.99,448.31,1902.11,0.0,UPI,Pending
B1219,P017,A1054,2025-11-30,1200.0,1840.79,218.17,473.7,208.43,2576.83,UPI,Paid
B1220,P291,A0298,2026-08-21,700.0,1357.82,1491.77,212.08,600.52,2736.99,Debit Card,Partially Paid
B1221,P004,A0269,2025-01-07,700.0,709.74,1703.22,407.45,754.0,1951.51,Insurance,Partially Paid
B1222,P039,A0027,2025-01-21,600.0,2742.03,1667.34,368.34,234.41,4406.62,UPI,Paid
B1223,P111,A0563,2026-06-07,800.0,2022.38,1512.78,370.58,918.03,3046.55,Insurance,Paid
B1224,P068,A0672,2026-04-19,900.0,810.09,236.44,169.36,874.69,902.48,Credit Card,Paid
B1225,P296,A1097,2026-02-25,1200.0,665.19,955.49,311.3,63.9,2445.48,Insurance,Partially Paid
B1226,P040,A0803,2025-12-02,600.0,2451.41,95.29,418.22,114.32,2614.16,Cash,Paid
B1227,P134,A0381,2025-11-13,800.0,1750.35,1627.26,277.3,1934.83,1965.48,UPI,Paid
B1228,P029,A0361,2026-09-13,1200.0,1820.7,126.81,157.68,1986.79,1003.04,Cash,Paid
B1229,P055,A0890,2025-01-25,1200.0,1419.41,244.24,206.75,1668.41,988.49,Credit Card,Pending
B1230,P222,A0807,2025-12-11,900.0,1218.63,1027.15,224.13,1698.56,1223.09,Debit Card,Paid
B1231,P258,A0489,2026-01-21,600.0,1909.56,1658.56,471.86,905.12,2791.14,Debit Card,Paid
B1232,P280,A1224,2026-09-09,900.0,1574.73,520.98,376.53,425.96,2193.22,Credit Card,Pending
B1233,P049,A0438,2026-05-01,1200.0,2736.78,953.69,426.44,1704.14,2759.89,Insurance,Partially Paid
B1234,P016,A1577,2026-08-26,1200.0,1895.92,219.52,393.11,0.65,2921.68,UPI,Paid
B1235,P288,A0419,2025-04-04,800.0,372.4,508.83,348.7,53.66,1278.87,Insurance,Paid
B1236,P160,A0724,2025-02-14,700.0,426.1,376.62,290.05,1494.08,0.0,Insurance,Pending
B1237,P028,A0178,2025-09-25,1200.0,2722.61,1478.06,275.97,108.93,5015.77,Insurance,Pending
B1238,P274,A1934,2026-03-27,1200.0,1779.15,1618.73,187.56,1117.35,3292.97,UPI,Partially Paid
B1239,P071,A1754,2026-06-06,1200.0,783.03,1818.13,87.71,400.06,3313.39,Insurance,Pending
B1240,P038,A1790,2025-03-02,800.0,214.59,895.0,306.88,295.96,1306.75,UPI,Pending
B1241,P111,A0837,2026-07-03,900.0,1252.72,406.12,434.99,107.13,2016.72,UPI,Pending
B1242,P256,A1068,2026-04-08,1200.0,2462.7,785.33,366.3,1398.66,2683.07,UPI,Pending
B1243,P163,A0926,2026-07-09,700.0,2027.37,1184.95,452.93,1264.06,2195.33,Debit Card,Paid
B1244,P017,A0551,2026-03-30,900.0,809.01,1759.93,142.24,1230.3,2096.4,Insurance,Paid
B1245,P029,A0457,2026-04-10,1200.0,1558.96,1559.55,15.15,984.89,3318.47,UPI,Paid
B1246,P096,A0841,2026-01-12,1200.0,676.58,747.58,185.96,1755.47,682.73,Credit Card,Paid
B1247,P031,A1938,2026-04-17,1200.0,158.08,1942.45,295.84,1623.34,1381.35,Cash,Paid
B1248,P225,A1823,2025-11-20,1200.0,1737.48,1488.08,102.31,569.91,3753.34,Cash,Paid
B1249,P260,A1805,2026-03-06,900.0,50.99,155.6,278.58,220.6,607.41,Cash,Paid
B1250,P100,A0658,2026-07-29,700.0,1349.49,1095.26,230.2,1790.98,1123.57,Insurance,Paid
B1251,P045,A1459,2025-04-10,800.0,2122.06,341.11,300.35,285.03,2677.79,Cash,Paid
B1252,P080,A0325,2025-07-14,800.0,2440.83,830.46,466.67,1287.19,2317.43,Cash,Partially Paid
B1253,P105,A1030,2026-10-09,700.0,1831.07,1187.47,338.68,1746.77,1633.09,Cash,Paid
B1254,P110,A0966,2025-01-30,900.0,2990.92,1503.99,374.41,578.49,4442.01,Debit Card,Paid
B1255,P197,A0978,2026-04-28,700.0,2145.7,572.64,257.94,557.56,2602.84,UPI,Partially Paid
B1256,P167,A1415,2026-10-27,1200.0,2102.49,742.62,201.29,412.38,3431.44,UPI,Partially Paid
B1257,P169,A0848,2025-10-08,600.0,1374.7,1261.29,271.15,22.35,2942.49,UPI,Partially Paid
B1258,P117,A0162,2026-03-10,900.0,2228.54,373.38,185.77,1533.13,1783.02,Cash,Partially Paid
B1259,P137,A1095,2026-01-04,600.0,1428.4,1587.38,237.24,875.54,2503.0,Debit Card,Partially Paid
B1260,P254,A1787,2025-02-06,800.0,433.69,828.76,89.14,1623.24,350.07,Cash,Paid
B1261,P198,A0561,2025-12-21,900.0,2875.89,1261.59,117.64,327.38,4592.46,Cash,Partially Paid
B1262,P102,A0706,2025-09-10,900.0,2741.97,155.86,130.95,1703.31,1963.57,Insurance,Paid
B1263,P117,A1432,2025-08-29,1200.0,1271.49,1705.8,335.85,1833.88,2007.56,Insurance,Pending
B1264,P055,A0638,2026-12-19,1200.0,2678.28,1439.08,29.14,48.25,5239.97,Insurance,Partially Paid
B1265,P137,A0730,2026-08-25,900.0,635.42,1417.38,420.02,471.28,2061.5,Debit Card,Partially Paid
B1266,P278,A1057,2025-01-26,1200.0,586.77,159.52,340.6,1516.16,89.53,UPI,Pending
B1267,P103,A1931,2025-09-21,700.0,2512.59,1672.05,371.46,1892.09,2621.09,Cash,Partially Paid
B1268,P267,A1282,2025-03-21,1200.0,187.1,420.28,49.81,1046.78,710.79,Cash,Paid
B1269,P072,A1729,2026-06-14,900.0,237.51,1715.45,160.57,139.34,2553.05,Debit Card,Partially Paid
B1270,P288,A1814,2025-08-31,800.0,2057.59,720.75,289.93,723.47,2564.94,Insurance,Paid
B1271,P106,A1972,2026-01-17,700.0,116.27,1973.44,31.46,1817.3,940.95,UPI,Partially Paid
B1272,P045,A0654,2025-05-21,1200.0,2745.51,370.67,237.92,627.09,3451.17,Credit Card,Pending
B1273,P043,A1589,2025-05-29,1200.0,33.8,512.8,463.1,1385.17,0.0,Credit Card,Pending
B1274,P193,A0861,2026-07-08,700.0,151.84,1980.39,96.21,1547.63,1188.39,Credit Card,Paid
B1275,P059,A2000,2026-03-15,800.0,1047.18,49.49,200.67,104.2,1591.8,Cash,Pending
B1276,P258,A0489,2026-01-21,600.0,1625.88,1208.32,256.63,1951.87,1225.7,Debit Card,Paid
B1277,P067,A1108,2026-10-09,1200.0,510.57,899.17,268.81,1033.51,1307.42,Cash,Pending
B1278,P153,A1481,2025-07-30,700.0,2908.76,1011.37,24.03,152.84,4443.26,Insurance,Pending
B1279,P136,A0989,2025-05-26,700.0,2315.5,1319.23,258.26,1443.45,2633.02,Insurance,Paid
B1280,P223,A0225,2025-03-01,900.0,1354.05,886.11,18.27,720.16,2401.73,Credit Card,Paid
B1281,P005,A1492,2026-07-09,700.0,637.35,841.77,48.91,694.75,1435.46,Debit Card,Pending
B1282,P291,A1333,2025-01-11,600.0,372.36,727.12,274.77,1666.83,0.0,Cash,Paid
B1283,P062,A0016,2026-08-01,800.0,2558.78,608.25,163.62,1597.01,2206.4,Credit Card,Pending
B1284,P184,A1907,2025-07-06,1200.0,2367.29,704.58,277.93,623.34,3370.6,Insurance,Pending
B1285,P255,A0895,2025-12-22,600.0,2695.53,898.85,33.6,758.49,3402.29,UPI,Pending
B1286,P221,A0333,2026-02-27,1200.0,735.17,661.02,207.55,724.44,1664.2,Insurance,Partially Paid
B1287,P208,A0153,2025-11-05,800.0,2431.57,681.34,385.87,530.92,2996.12,Debit Card,Pending
B1288,P063,A0540,2025-06-09,600.0,1137.4,496.71,380.21,1964.66,0.0,Credit Card,Paid
B1289,P159,A0825,2025-10-09,800.0,1441.87,1387.23,158.91,568.4,2901.79,Cash,Pending
B1290,P269,A0497,2026-06-20,900.0,749.62,1267.56,152.86,1226.19,1538.13,Cash,Partially Paid
B1291,P060,A0655,2026-11-11,900.0,646.21,1767.98,267.4,1340.63,1706.16,Credit Card,Partially Paid
B1292,P038,A0383,2025-06-11,800.0,338.54,253.89,310.8,1718.38,0.0,Debit Card,Paid
B1293,P289,A0743,2025-08-01,600.0,2727.91,762.53,236.43,766.89,3087.12,Debit Card,Partially Paid
B1294,P232,A1200,2025-02-21,900.0,155.81,736.0,106.85,1447.74,237.22,Cash,Partially Paid
B1295,P013,A0553,2026-11-27,600.0,455.34,1389.53,389.25,787.53,1268.09,Cash,Paid
B1296,P225,A1823,2025-11-20,1200.0,2830.28,1029.5,248.48,168.83,4642.47,Cash,Paid
B1297,P298,A1556,2025-06-14,800.0,2450.54,1612.01,42.04,139.87,4680.64,Credit Card,Partially Paid
B1298,P268,A1038,2025-12-11,800.0,2798.64,868.89,220.13,1946.17,2301.23,Cash,Partially Paid
B1299,P123,A0375,2025-04-03,900.0,469.76,407.04,139.84,768.23,868.73,Insurance,Pending
B1300,P213,A1050,2025-04-01,600.0,603.82,1834.77,207.31,140.96,2690.32,Credit Card,Partially Paid
B1301,P114,A0830,2025-10-14,700.0,683.05,1909.8,212.49,613.52,2466.84,Credit Card,Paid
B1302,P001,A0785,2025-07-24,900.0,1596.99,690.11,146.16,1480.91,1560.03,Debit Card,Pending
B1303,P275,A0504,2026-02-19,900.0,2803.72,1359.99,21.11,1579.77,3462.83,Cash,Partially Paid
B1304,P298,A1556,2025-06-14,800.0,1818.01,1800.86,495.62,1346.6,2576.65,Credit Card,Pending
B1305,P035,A0219,2025-05-12,1200.0,2225.8,1459.72,30.04,1051.19,3804.29,Cash,Pending
B1306,P200,A1272,2025-04-12,800.0,860.64,401.53,30.07,574.82,1457.28,Credit Card,Paid
B1307,P043,A0884,2026-10-09,700.0,144.94,442.41,380.71,1699.77,0.0,Debit Card,Pending
B1308,P068,A0672,2026-04-19,900.0,2732.03,399.94,76.53,1022.16,2933.28,Debit Card,Paid
B1309,P156,A1435,2025-08-29,1200.0,2075.7,583.33,79.66,1301.24,2478.13,Insurance,Paid
B1310,P061,A0886,2025-05-08,1200.0,1247.81,1354.06,94.37,1656.78,2050.72,Debit Card,Paid
B1311,P233,A0338,2025-05-30,600.0,550.76,1910.93,306.83,1599.22,1155.64,Credit Card,Paid
B1312,P250,A0265,2025-11-12,1200.0,2295.83,435.36,452.36,1630.44,1848.39,Credit Card,Partially Paid
B1313,P002,A0695,2025-11-02,1200.0,2330.1,723.29,451.56,1423.43,2378.4,UPI,Pending
B1314,P262,A1964,2025-03-05,1200.0,1046.52,1861.86,73.66,30.34,4004.38,Insurance,Pending
B1315,P240,A0151,2025-08-26,1200.0,427.52,1429.17,4.39,561.98,2490.32,Cash,Pending
B1316,P225,A1691,2025-06-07,800.0,868.5,492.82,98.35,958.93,1104.04,Credit Card,Partially Paid
B1317,P160,A1071,2026-11-29,800.0,318.35,1343.17,313.56,535.41,1612.55,Insurance,Partially Paid
B1318,P117,A0162,2026-03-10,900.0,675.23,37.07,162.41,1258.5,191.39,UPI,Partially Paid
B1319,P198,A1891,2025-09-24,600.0,2449.28,966.67,253.86,1181.4,2580.69,Cash,Paid
B1320,P141,A0513,2025-05-22,1200.0,1542.99,1712.71,491.19,835.02,3129.49,Credit Card,Pending
B1321,P188,A0344,2025-01-26,700.0,2694.44,62.14,163.56,1119.03,2173.99,Debit Card,Pending
B1322,P016,A0472,2025-05-18,1200.0,2355.02,95.17,343.59,1434.81,1871.79,Insurance,Pending
B1323,P116,A0770,2025-10-13,700.0,2308.92,1783.43,10.77,196.85,4584.73,Credit Card,Pending
B1324,P065,A1246,2026-12-18,600.0,175.93,787.79,341.93,1100.47,121.32,Cash,Pending
B1325,P111,A0563,2026-06-07,800.0,1798.28,851.95,20.53,308.47,3121.23,UPI,Partially Paid
B1326,P241,A0911,2025-08-24,600.0,647.86,338.86,92.55,1338.19,155.98,Cash,Paid
B1327,P145,A1227,2025-09-29,700.0,2336.46,1046.66,317.07,204.08,3561.97,Insurance,Pending
B1328,P156,A1923,2026-01-05,800.0,2228.2,1898.18,89.5,625.73,4211.15,UPI,Paid
B1329,P140,A1211,2025-08-19,600.0,1670.03,709.33,374.06,376.2,2229.1,UPI,Pending
B1330,P234,A1494,2025-02-02,800.0,2497.43,1459.54,225.55,1711.45,2819.97,Credit Card,Partially Paid
B1331,P120,A1908,2026-10-29,800.0,1616.79,166.38,497.6,1122.8,962.77,Insurance,Partially Paid
B1332,P177,A1598,2025-07-26,800.0,2662.55,1652.6,467.59,1196.22,3451.34,Cash,Partially Paid
B1333,P186,A1394,2025-03-07,900.0,2913.2,979.05,217.65,1180.89,3393.71,Insurance,Partially Paid
B1334,P061,A1991,2026-10-27,800.0,2412.26,1553.08,227.72,240.51,4297.11,UPI,Partially Paid
B1335,P035,A0136,2026-04-08,700.0,379.44,575.7,308.65,207.66,1138.83,Credit Card,Pending
B1336,P070,A0125,2026-03-30,1200.0,1881.98,1151.75,6.5,288.42,3938.81,Debit Card,Partially Paid
B1337,P063,A0768,2025-02-18,600.0,1139.61,741.18,106.52,1258.01,1116.26,Debit Card,Paid
B1338,P111,A0051,2025-01-25,700.0,818.55,1048.79,168.2,742.76,1656.38,Insurance,Pending
B1339,P254,A1299,2025-12-23,700.0,1752.59,1203.34,432.47,760.17,2463.29,Cash,Pending
B1340,P271,A1141,2026-07-21,900.0,2241.35,1133.44,344.47,798.63,3131.69,Cash,Partially Paid
B1341,P190,A1866,2025-03-07,800.0,1504.66,499.89,56.78,1204.86,1542.91,UPI,Paid
B1342,P203,A0456,2026-11-05,700.0,1777.09,439.79,457.94,813.03,1645.91,Cash,Partially Paid
B1343,P123,A0970,2026-07-23,1200.0,2483.53,1650.84,331.63,1556.74,3446.0,Credit Card,Partially Paid
B1344,P204,A1127,2026-12-27,900.0,813.21,141.42,131.29,1192.12,531.22,Credit Card,Pending
B1345,P221,A1334,2025-06-10,1200.0,1283.15,1542.06,181.24,1131.61,2712.36,Debit Card,Pending
B1346,P212,A1620,2025-03-05,900.0,634.52,1525.21,185.43,594.68,2279.62,Credit Card,Paid
B1347,P039,A0660,2026-01-20,900.0,2253.38,1422.94,480.22,219.28,3876.82,Debit Card,Partially Paid
B1348,P045,A1788,2025-05-23,1200.0,715.52,1374.7,483.07,1818.15,989.0,Debit Card,Partially Paid
B1349,P125,A0593,2025-05-23,900.0,1074.77,146.11,278.58,1274.39,567.91,Cash,Paid
B1350,P245,A1745,2026-02-22,800.0,2767.65,1089.32,194.52,104.21,4358.24,Cash,Paid
B1351,P246,A0920,2026-04-02,900.0,2979.5,181.38,462.17,593.36,3005.35,Insurance,Pending
B1352,P181,A0124,2026-09-01,900.0,178.81,765.95,171.08,785.15,888.53,Credit Card,Pending
B1353,P232,A0001,2026-09-05,900.0,2340.37,665.66,214.93,165.1,3526.0,Debit Card,Pending
B1354,P108,A1232,2025-08-30,800.0,2864.97,648.19,18.8,888.79,3405.57,Credit Card,Partially Paid
B1355,P071,A1559,2025-05-10,1200.0,1918.95,1811.53,312.14,1947.94,2670.4,Cash,Pending
B1356,P131,A1094,2026-09-03,600.0,1910.8,1305.91,175.9,1930.21,1710.6,UPI,Partially Paid
B1357,P027,A1619,2025-07-15,900.0,1084.31,1888.1,148.91,1964.0,1759.5,UPI,Paid
B1358,P281,A1202,2026-01-27,900.0,2545.23,621.97,100.22,1767.36,2199.62,Credit Card,Paid
B1359,P118,A1043,2026-06-10,700.0,2356.88,406.12,333.45,1004.56,2124.99,Credit Card,Paid
B1360,P166,A1615,2025-05-16,800.0,859.23,533.75,445.07,1572.62,175.29,Debit Card,Partially Paid
B1361,P244,A0752,2025-10-25,900.0,2464.16,1322.1,7.42,250.12,4428.72,Insurance,Pending
B1362,P012,A0422,2026-07-26,800.0,2791.63,1533.43,382.67,1166.16,3576.23,Credit Card,Paid
B1363,P059,A0544,2026-04-25,1200.0,1019.46,1048.57,416.66,846.78,2004.59,Debit Card,Pending
B1364,P267,A0289,2026-09-17,900.0,1656.61,1752.29,334.94,825.92,3148.04,Debit Card,Paid
B1365,P106,A0746,2026-05-10,900.0,238.1,187.38,432.29,973.64,0.0,Insurance,Partially Paid
B1366,P039,A0027,2025-01-21,600.0,2695.2,865.79,262.41,385.77,3512.81,Cash,Pending
B1367,P049,A0438,2026-05-01,1200.0,2128.01,1596.65,205.24,1906.64,2812.78,Debit Card,Paid
B1368,P098,A1198,2026-06-06,600.0,1324.8,1374.03,308.55,19.04,2971.24,Insurance,Partially Paid
B1369,P178,A1528,2025-09-11,1200.0,498.33,1946.82,401.29,269.21,2974.65,Credit Card,Pending
B1370,P137,A0730,2026-08-25,900.0,1096.44,710.53,29.27,560.62,2117.08,Cash,Pending
B1371,P066,A1145,2025-06-24,1200.0,1193.09,1424.46,229.83,1944.66,1643.06,Credit Card,Pending
B1372,P139,A1422,2025-06-04,1200.0,2065.25,334.14,304.13,986.26,2309.0,Insurance,Pending
B1373,P083,A0426,2026-07-26,900.0,1730.14,725.18,43.41,115.73,3196.18,Cash,Paid
B1374,P065,A1246,2026-12-18,600.0,1260.61,674.26,114.03,1922.89,497.95,Cash,Paid
B1375,P150,A1155,2026-07-25,700.0,2676.94,1356.67,23.7,56.7,4653.21,Debit Card,Partially Paid
B1376,P201,A1338,2026-06-01,900.0,367.49,567.52,347.47,1449.53,38.01,UPI,Partially Paid
B1377,P034,A1874,2026-11-10,800.0,2076.39,222.92,215.5,1305.8,1578.01,Insurance,Pending
B1378,P282,A1856,2025-04-19,700.0,1976.1,1899.18,352.45,1481.07,2741.76,UPI,Partially Paid
B1379,P273,A1704,2025-01-31,700.0,295.68,245.22,341.88,292.83,606.19,Debit Card,Paid
B1380,P108,A1061,2026-10-05,800.0,155.0,817.89,357.65,789.97,625.27,Debit Card,Paid
B1381,P065,A0117,2026-01-31,800.0,1597.03,1125.77,392.31,1077.9,2052.59,Debit Card,Partially Paid
B1382,P164,A1305,2026-10-17,600.0,1058.23,1149.56,460.05,1135.78,1211.96,Cash,Paid
B1383,P262,A1617,2026-06-21,700.0,2580.16,428.31,218.94,859.1,2630.43,UPI,Paid
B1384,P072,A1729,2026-06-14,900.0,918.75,827.21,426.64,665.5,1553.82,Insurance,Pending
B1385,P280,A1224,2026-09-09,900.0,758.09,1713.61,54.78,1914.85,1402.07,Credit Card,Paid
B1386,P143,A0592,2026-02-07,900.0,1304.15,1799.31,179.47,1688.45,2135.54,Credit Card,Paid
B1387,P027,A1430,2025-06-20,700.0,2896.69,451.64,86.45,808.86,3153.02,Insurance,Pending
B1388,P223,A1742,2025-04-13,800.0,315.17,396.87,359.03,911.72,241.29,UPI,Paid
B1389,P027,A0819,2026-04-16,600.0,19.45,1356.66,433.54,1254.15,288.42,Insurance,Paid
B1390,P198,A0561,2025-12-21,900.0,53.2,173.17,271.23,1170.03,0.0,Credit Card,Partially Paid
B1391,P249,A1706,2026-08-08,600.0,1233.53,1534.08,160.0,1941.45,1266.16,UPI,Pending
B1392,P189,A1249,2025-04-19,600.0,2304.92,1303.73,178.07,108.49,3922.09,Insurance,Paid
B1393,P243,A1017,2025-12-24,900.0,205.99,1380.8,408.97,1809.84,267.98,Cash,Paid
B1394,P033,A0952,2026-10-03,800.0,1713.81,1499.83,127.59,757.45,3128.6,Cash,Paid
B1395,P256,A1601,2025-03-25,900.0,2836.54,525.99,210.48,447.94,3604.11,Cash,Partially Paid
B1396,P116,A1403,2025-07-23,900.0,2727.53,1830.23,430.93,1855.02,3171.81,UPI,Partially Paid
B1397,P141,A1336,2026-08-05,700.0,2761.64,19.92,30.09,53.74,3397.73,Debit Card,Paid
B1398,P280,A1939,2026-05-18,700.0,2536.87,393.84,239.18,107.94,3283.59,Debit Card,Pending
B1399,P087,A1554,2025-03-31,600.0,648.35,1753.09,340.42,171.67,2489.35,Cash,Partially Paid
B1400,P272,A1210,2025-11-07,1200.0,1567.86,522.74,268.6,159.66,2862.34,Cash,Partially Paid
B1401,P028,A1239,2026-11-18,900.0,2191.27,1641.0,478.61,768.02,3485.64,Debit Card,Pending
B1402,P241,A0911,2025-08-24,600.0,2740.8,239.35,191.71,988.69,2399.75,Debit Card,Partially Paid
B1403,P111,A0051,2025-01-25,700.0,1786.75,1976.8,88.33,128.96,4246.26,Insurance,Paid
B1404,P089,A1851,2025-10-16,600.0,1812.53,535.04,265.84,1541.55,1140.18,Cash,Partially Paid
B1405,P190,A1590,2026-05-08,900.0,1948.05,53.79,213.26,1309.43,1379.15,Insurance,Partially Paid
B1406,P262,A0101,2026-04-19,900.0,2665.42,273.7,238.6,635.18,2965.34,UPI,Partially Paid
B1407,P262,A1964,2025-03-05,1200.0,1311.63,28.11,415.82,769.27,1354.65,Cash,Paid
B1408,P086,A0459,2025-08-10,900.0,2344.63,1001.81,100.15,989.31,3156.98,Debit Card,Partially Paid
B1409,P100,A1039,2025-02-17,1200.0,2967.38,588.94,398.77,920.02,3437.53,Debit Card,Paid
B1410,P006,A1636,2026-03-18,600.0,1276.72,1726.67,313.07,1726.58,1563.74,UPI,Paid
B1411,P168,A0894,2025-07-12,1200.0,684.69,1407.05,244.86,379.81,2667.07,Insurance,Pending
B1412,P229,A0653,2025-03-27,900.0,1350.2,811.95,459.9,844.5,1757.75,Credit Card,Pending
B1413,P073,A0980,2025-08-21,800.0,137.61,60.37,351.77,1768.44,0.0,Credit Card,Paid
B1414,P115,A1926,2025-10-31,800.0,1096.39,425.73,214.74,1092.43,1014.95,UPI,Partially Paid
B1415,P146,A1970,2026-11-01,900.0,1857.58,367.54,396.12,1031.15,1697.85,Insurance,Paid
B1416,P231,A0106,2025-12-31,900.0,2181.95,997.44,73.64,1425.47,2580.28,Insurance,Paid
B1417,P166,A0434,2026-01-13,900.0,1248.6,1260.57,63.99,333.11,3012.07,Credit Card,Paid
B1418,P089,A1149,2026-08-31,1200.0,871.12,443.04,43.8,1693.26,777.1,Debit Card,Partially Paid
B1419,P281,A1676,2025-01-05,600.0,11.23,1975.09,227.04,1422.18,937.1,Credit Card,Paid
B1420,P151,A1367,2026-10-27,1200.0,2684.5,1295.99,416.08,1700.34,3064.07,Insurance,Paid
B1421,P268,A0058,2026-11-16,600.0,745.63,303.33,21.29,1295.13,332.54,Insurance,Paid
B1422,P155,A0154,2026-04-23,800.0,1739.76,1839.88,24.63,1701.94,2653.07,Insurance,Pending
B1423,P178,A1248,2025-10-28,1200.0,2310.67,1986.51,133.97,618.82,4744.39,Credit Card,Paid
B1424,P256,A0839,2025-03-15,800.0,1764.35,1336.55,263.85,366.98,3270.07,Insurance,Partially Paid
B1425,P186,A1394,2025-03-07,900.0,902.05,1412.74,274.39,643.08,2297.32,Debit Card,Partially Paid
B1426,P070,A0352,2025-09-10,1200.0,1225.55,869.7,434.29,1651.21,1209.75,Debit Card,Paid
B1427,P079,A0392,2026-12-23,1200.0,441.51,385.32,126.33,1504.95,395.55,Insurance,Pending
B1428,P170,A0622,2026-03-27,1200.0,1570.99,1433.69,478.24,454.54,3271.9,Insurance,Partially Paid
B1429,P143,A1324,2026-08-25,600.0,637.48,1644.88,308.56,657.96,1915.84,Debit Card,Pending
B1430,P115,A0659,2025-10-25,800.0,1192.7,1968.26,433.12,109.21,3418.63,UPI,Paid
B1431,P100,A0686,2025-11-28,600.0,2302.94,1399.37,341.17,1819.48,2141.66,Cash,Partially Paid
B1432,P091,A1366,2025-06-24,1200.0,214.24,1587.43,223.25,1302.54,1475.88,Credit Card,Paid
B1433,P247,A0185,2026-08-11,800.0,1429.73,1508.47,490.69,1846.62,1400.89,Credit Card,Partially Paid
B1434,P183,A1944,2025-08-08,600.0,351.23,209.28,388.49,620.31,151.71,Debit Card,Paid
B1435,P182,A0281,2026-08-08,1200.0,2433.17,1562.95,17.17,935.87,4243.08,Cash,Partially Paid
B1436,P040,A0803,2025-12-02,600.0,1227.06,22.12,487.26,1041.27,320.65,Debit Card,Pending
B1437,P291,A1728,2026-02-15,900.0,342.94,972.84,453.38,299.2,1463.2,Debit Card,Pending
B1438,P171,A1752,2026-10-23,800.0,712.88,756.07,477.78,969.65,821.52,Insurance,Pending
B1439,P063,A0488,2026-03-04,900.0,107.13,1256.1,227.67,1325.03,710.53,UPI,Partially Paid
B1440,P075,A1849,2025-03-09,600.0,1760.88,1415.12,360.42,1400.47,2015.11,Debit Card,Paid
B1441,P220,A1977,2025-01-04,1200.0,985.84,173.14,249.59,1373.19,736.2,Cash,Partially Paid
B1442,P058,A1203,2026-04-17,800.0,2189.57,609.1,43.67,930.21,2624.79,Cash,Paid
B1443,P262,A1964,2025-03-05,1200.0,1266.25,652.98,39.85,1635.85,1443.53,UPI,Partially Paid
B1444,P129,A1671,2025-08-18,800.0,343.82,293.33,296.78,68.08,1072.29,Cash,Pending
B1445,P221,A0115,2025-01-20,600.0,452.06,1430.34,499.57,801.97,1180.86,Insurance,Paid
B1446,P238,A1021,2026-03-31,900.0,2775.95,385.97,93.19,1614.83,2353.9,Cash,Pending
B1447,P111,A0222,2025-05-23,700.0,964.52,35.99,144.76,385.53,1170.22,Credit Card,Paid
B1448,P296,A0025,2026-12-30,1200.0,2889.15,1504.41,395.98,1139.71,4057.87,Insurance,Partially Paid
B1449,P102,A1279,2025-07-23,800.0,666.15,1124.07,155.81,1673.97,760.44,Credit Card,Partially Paid
B1450,P288,A1814,2025-08-31,800.0,163.57,1411.99,415.35,404.34,1555.87,UPI,Partially Paid
B1451,P131,A1662,2026-04-16,1200.0,893.63,101.81,97.63,1422.07,675.74,UPI,Paid
B1452,P025,A1952,2025-12-23,600.0,2289.76,1329.69,113.12,235.75,3870.58,Debit Card,Partially Paid
B1453,P195,A1180,2025-01-22,700.0,200.06,571.7,418.99,924.5,128.27,UPI,Partially Paid
B1454,P149,A0545,2025-12-11,700.0,1257.86,1919.57,16.7,1879.18,1981.55,Debit Card,Paid
B1455,P203,A1994,2025-08-30,600.0,664.57,136.09,245.93,1533.75,0.0,Insurance,Partially Paid
B1456,P146,A1921,2026-11-07,900.0,2190.85,1914.58,32.44,1097.53,3875.46,Debit Card,Partially Paid
B1457,P091,A1930,2025-11-03,600.0,1274.32,1330.23,103.76,221.81,2878.98,Cash,Partially Paid
B1458,P053,A0477,2026-04-11,600.0,1609.24,1277.34,160.84,682.81,2642.93,Insurance,Pending
B1459,P282,A0977,2026-11-03,900.0,516.22,239.38,72.49,1455.36,127.75,Debit Card,Paid
B1460,P034,A0191,2026-08-12,1200.0,2114.93,1986.41,38.41,85.96,5176.97,Debit Card,Pending
B1461,P167,A0883,2026-05-28,600.0,2294.14,483.64,172.97,334.45,2870.36,UPI,Paid
B1462,P220,A0976,2026-08-18,600.0,108.95,1652.69,109.24,696.48,1555.92,Insurance,Partially Paid
B1463,P148,A1798,2025-04-03,700.0,2081.04,1171.76,322.32,1598.68,2031.8,Cash,Partially Paid
B1464,P108,A0505,2025-07-05,900.0,2030.4,295.14,3.04,644.29,2578.21,Credit Card,Paid
B1465,P008,A0961,2026-12-09,600.0,2972.89,318.74,251.07,1417.61,2222.95,Credit Card,Paid
B1466,P262,A0666,2025-06-13,700.0,444.12,765.91,256.66,1656.63,0.0,Insurance,Pending
B1467,P104,A1670,2025-06-09,700.0,1899.05,1049.46,273.86,228.91,3145.74,UPI,Paid
B1468,P019,A1181,2026-05-25,1200.0,50.24,864.75,333.54,1206.03,575.42,Credit Card,Pending
B1469,P268,A0790,2025-08-22,1200.0,1258.23,1399.38,438.9,747.84,2670.87,Insurance,Paid
B1470,P098,A1410,2025-03-10,800.0,2403.99,598.83,325.45,791.97,2685.4,Cash,Pending
B1471,P176,A1500,2025-11-22,900.0,1186.25,1843.31,327.59,1695.86,1906.11,Cash,Paid
B1472,P139,A1408,2026-09-11,900.0,2458.71,128.04,219.7,41.31,3225.74,Insurance,Partially Paid
B1473,P257,A0651,2026-01-03,700.0,635.16,1803.68,83.06,1032.36,2023.42,Insurance,Partially Paid
B1474,P020,A1140,2026-03-31,800.0,2146.45,1909.99,419.27,200.04,4237.13,Cash,Partially Paid
B1475,P104,A1368,2026-10-22,1200.0,1848.88,1251.7,462.16,775.02,3063.4,Insurance,Pending
B1476,P149,A0569,2025-11-05,900.0,1654.89,1250.97,50.12,467.06,3288.68,Cash,Pending
B1477,P208,A0133,2026-04-18,700.0,1941.78,425.97,234.24,326.63,2506.88,Credit Card,Pending
B1478,P206,A0541,2026-06-03,600.0,949.36,241.98,262.47,265.88,1262.99,UPI,Paid
B1479,P274,A1899,2026-07-18,700.0,1402.12,1760.1,88.44,1184.67,2589.11,UPI,Pending
B1480,P284,A1580,2025-08-02,1200.0,2215.1,797.94,7.19,360.78,3845.07,Credit Card,Paid
B1481,P104,A1368,2026-10-22,1200.0,68.67,256.84,380.66,1266.44,0.0,UPI,Partially Paid
B1482,P144,A0690,2025-11-17,700.0,464.22,1457.68,479.02,187.65,1955.23,UPI,Paid
B1483,P082,A1716,2026-01-24,900.0,2330.18,1401.57,498.96,1873.43,2259.36,Cash,Paid
B1484,P290,A1437,2025-01-27,1200.0,1790.5,109.07,139.31,1320.71,1639.55,UPI,Pending
B1485,P123,A0970,2026-07-23,1200.0,1037.76,841.61,496.3,1681.47,901.6,Debit Card,Paid
B1486,P178,A1248,2025-10-28,1200.0,147.95,826.87,441.56,1539.71,193.55,Insurance,Partially Paid
B1487,P078,A0248,2025-05-20,900.0,2245.62,395.37,211.83,1588.86,1740.3,Credit Card,Paid
B1488,P043,A0481,2026-01-18,700.0,120.54,1126.42,474.04,406.36,1066.56,Credit Card,Pending
B1489,P278,A0799,2025-01-20,900.0,1457.0,1459.11,454.56,1335.45,2026.1,UPI,Paid
B1490,P043,A1960,2025-04-21,800.0,1086.46,123.63,43.31,684.91,1281.87,Cash,Pending
B1491,P294,A0601,2025-03-04,1200.0,2717.97,61.06,21.5,1607.61,2349.92,UPI,Paid
B1492,P034,A1874,2026-11-10,800.0,2061.78,239.3,317.78,109.11,2674.19,UPI,Partially Paid
B1493,P086,A1169,2025-07-06,900.0,2504.87,664.79,277.22,32.49,3759.95,Debit Card,Partially Paid
B1494,P106,A1114,2026-05-31,600.0,2215.99,1663.04,15.66,454.14,4009.23,UPI,Pending
B1495,P283,A0443,2025-11-02,900.0,194.55,862.07,375.08,816.16,765.38,Credit Card,Pending
B1496,P115,A0659,2025-10-25,800.0,1455.01,659.43,33.43,1560.39,1320.62,Cash,Paid
B1497,P207,A1717,2025-07-02,900.0,1241.35,824.63,47.1,1979.08,939.8,Cash,Pending
B1498,P085,A1088,2026-11-18,600.0,1178.9,1131.32,142.1,692.89,2075.23,Cash,Pending
B1499,P055,A0638,2026-12-19,1200.0,2479.09,1610.93,412.1,1320.21,3557.71,Debit Card,Paid
B1500,P066,A1145,2025-06-24,1200.0,2353.02,142.55,34.03,120.01,3541.53,Cash,Pending
B1501,P254,A0809,2026-05-28,700.0,1904.95,937.02,7.34,1945.93,1588.7,Credit Card,Paid
B1502,P158,A1943,2026-10-07,800.0,1262.08,1096.74,71.69,1536.5,1550.63,Debit Card,Paid
B1503,P249,A1117,2025-11-17,700.0,2052.0,1454.54,445.58,777.63,2983.33,Credit Card,Paid
B1504,P221,A1334,2025-06-10,1200.0,174.38,613.88,21.05,1281.76,685.45,Debit Card,Partially Paid
B1505,P056,A0951,2026-02-22,800.0,414.08,1109.5,351.15,1967.77,4.66,Insurance,Pending
B1506,P053,A0832,2026-06-06,800.0,1015.08,1333.45,144.51,712.01,2292.01,Insurance,Paid
B1507,P260,A0916,2026-04-02,1200.0,574.79,1872.0,202.56,1797.24,1646.99,Insurance,Paid
B1508,P006,A1346,2026-06-23,700.0,1374.71,1239.02,70.81,190.58,3052.34,Insurance,Pending
B1509,P082,A1716,2026-01-24,900.0,1564.56,1530.03,278.0,558.14,3158.45,Cash,Partially Paid
B1510,P029,A0210,2026-07-27,800.0,1077.7,744.56,269.22,287.25,2065.79,Insurance,Paid
B1511,P014,A1276,2025-09-29,800.0,1156.28,318.19,484.94,1155.98,633.55,Debit Card,Pending
B1512,P182,A0757,2025-01-03,600.0,683.97,1486.61,214.84,1127.28,1428.46,Cash,Partially Paid
B1513,P056,A0951,2026-02-22,800.0,741.91,1241.15,232.99,163.32,2386.75,Insurance,Pending
B1514,P276,A0615,2026-06-27,800.0,450.4,1966.35,476.93,31.36,2708.46,Credit Card,Paid
B1515,P189,A0149,2025-03-23,600.0,2040.73,1957.98,29.42,295.66,4273.63,Debit Card,Paid
B1516,P060,A1417,2026-03-18,800.0,2487.14,1719.44,422.58,735.66,3848.34,Credit Card,Partially Paid
B1517,P122,A1084,2025-04-11,1200.0,2784.82,1224.81,2.63,1638.41,3568.59,Credit Card,Pending
B1518,P176,A1304,2026-01-05,700.0,2335.92,1906.03,103.2,306.22,4532.53,Debit Card,Pending
B1519,P206,A0541,2026-06-03,600.0,731.76,1619.14,299.25,381.46,2270.19,Insurance,Pending
B1520,P284,A0776,2025-02-21,1200.0,70.38,118.77,356.11,96.45,936.59,Credit Card,Partially Paid
B1521,P283,A1632,2026-05-01,800.0,2138.1,1304.03,343.2,54.12,3844.81,UPI,Paid
B1522,P076,A0014,2026-06-21,1200.0,908.96,1677.57,90.26,1941.95,1754.32,UPI,Partially Paid
B1523,P227,A0318,2025-07-03,700.0,2160.19,105.4,406.61,1860.22,698.76,Insurance,Partially Paid
B1524,P156,A1660,2026-01-22,700.0,2286.45,754.8,379.81,1995.5,1365.94,UPI,Partially Paid
B1525,P010,A1463,2025-02-02,600.0,1865.5,982.36,447.12,1827.0,1173.74,Debit Card,Paid
B1526,P032,A1684,2025-09-21,800.0,2152.79,1703.12,482.7,658.9,3514.31,Credit Card,Partially Paid
B1527,P094,A0005,2025-12-17,700.0,547.84,755.87,201.49,1311.22,491.0,Cash,Partially Paid
B1528,P219,A1642,2026-05-30,700.0,954.3,240.53,174.49,920.2,800.14,Insurance,Pending
B1529,P023,A0454,2026-01-17,1200.0,1823.81,302.55,70.51,1290.52,1965.33,Credit Card,Partially Paid
B1530,P006,A0697,2025-06-07,800.0,1692.61,976.1,493.99,1168.83,1805.89,Cash,Partially Paid
B1531,P228,A1221,2025-11-24,900.0,2969.93,301.89,12.71,1437.07,2722.04,Cash,Partially Paid
B1532,P220,A0254,2026-04-20,1200.0,2011.55,599.05,176.75,1867.17,1766.68,UPI,Pending
B1533,P016,A0279,2026-12-27,700.0,507.4,2.9,446.09,1754.79,0.0,UPI,Partially Paid
B1534,P194,A0331,2025-05-10,600.0,2925.34,990.62,439.96,137.56,3938.44,UPI,Partially Paid
B1535,P198,A0561,2025-12-21,900.0,740.78,1128.7,415.57,896.73,1457.18,Cash,Paid
B1536,P237,A0603,2026-02-08,1200.0,1047.1,627.0,197.27,1966.72,710.11,Credit Card,Partially Paid
B1537,P065,A0661,2026-08-03,900.0,1044.53,536.13,370.88,1723.51,386.27,Debit Card,Paid
B1538,P271,A1480,2025-04-08,900.0,820.23,397.25,147.86,1405.87,563.75,Credit Card,Partially Paid
B1539,P277,A1464,2025-08-13,900.0,486.68,1228.46,271.73,1025.75,1317.66,Insurance,Paid
B1540,P129,A0876,2026-09-04,700.0,273.48,507.67,148.83,949.47,382.85,Insurance,Pending
B1541,P070,A1825,2026-12-04,700.0,2239.97,175.61,498.16,1880.19,737.23,Debit Card,Partially Paid
B1542,P053,A0477,2026-04-11,600.0,217.85,1658.39,97.29,1513.44,865.51,Insurance,Partially Paid
B1543,P047,A1761,2026-06-29,900.0,2019.34,337.92,244.5,45.05,2967.71,Credit Card,Pending
B1544,P058,A1845,2025-10-25,900.0,2988.52,1511.34,207.1,233.41,4959.35,Cash,Paid
B1545,P160,A1847,2026-01-15,1200.0,1428.45,582.81,377.67,1121.08,1712.51,Debit Card,Partially Paid
B1546,P166,A0558,2026-11-02,800.0,2344.81,38.07,267.13,1205.62,1710.13,Insurance,Pending
B1547,P180,A1281,2025-07-22,1200.0,1405.05,90.5,14.95,520.63,2159.97,UPI,Paid
B1548,P129,A0342,2025-01-19,1200.0,516.36,609.82,28.18,1254.15,1043.85,Insurance,Partially Paid
B1549,P256,A1806,2026-11-20,1200.0,2500.3,1203.88,104.45,1163.69,3636.04,UPI,Pending
B1550,P077,A0620,2026-03-21,900.0,1701.82,894.51,246.9,1360.78,1888.65,Insurance,Partially Paid
B1551,P194,A1087,2026-07-17,600.0,1443.04,1726.16,182.56,1259.04,2327.6,Insurance,Pending
B1552,P077,A1901,2025-07-21,1200.0,1155.63,225.77,57.99,1769.28,754.13,Insurance,Pending
B1553,P043,A0609,2025-08-24,600.0,1233.76,977.15,269.6,1681.23,860.08,Cash,Partially Paid
B1554,P297,A0080,2025-06-04,700.0,660.01,1824.89,146.35,551.88,2486.67,Insurance,Partially Paid
B1555,P188,A0344,2025-01-26,700.0,903.34,62.63,188.36,1934.58,0.0,UPI,Partially Paid
B1556,P077,A1420,2026-09-16,700.0,1499.37,1337.68,380.5,1159.53,1997.02,Credit Card,Partially Paid
B1557,P042,A1371,2025-11-21,1200.0,26.45,433.07,388.93,1138.26,132.33,Credit Card,Partially Paid
B1558,P153,A0148,2025-08-04,1200.0,2774.43,1468.11,296.77,1028.9,4116.87,Cash,Paid
B1559,P236,A1115,2025-03-29,1200.0,1926.29,928.52,114.51,268.37,3671.93,Debit Card,Partially Paid
B1560,P040,A1506,2025-09-18,600.0,688.62,525.66,286.58,1922.61,0.0,UPI,Pending
B1561,P025,A1952,2025-12-23,600.0,1351.68,1642.19,155.65,900.47,2537.75,UPI,Partially Paid
B1562,P106,A1294,2026-02-10,1200.0,2060.96,1959.46,485.23,98.82,4636.37,Cash,Partially Paid
B1563,P075,A0237,2025-08-21,800.0,698.45,3.28,154.33,1491.43,0.0,Insurance,Paid
B1564,P231,A0106,2025-12-31,900.0,611.96,1926.38,499.29,1975.38,963.67,Debit Card,Paid
B1565,P065,A1246,2026-12-18,600.0,2620.54,737.78,198.97,252.85,3506.5,Cash,Partially Paid
B1566,P275,A0275,2026-02-05,600.0,2322.61,484.67,467.76,964.15,1975.37,Credit Card,Partially Paid
B1567,P144,A0690,2025-11-17,700.0,866.31,1345.1,197.31,1587.81,1126.29,Cash,Partially Paid
B1568,P012,A1370,2025-06-06,1200.0,2033.13,1801.45,218.9,1863.58,2952.1,Debit Card,Pending
B1569,P133,A0130,2026-06-05,600.0,336.26,742.23,34.84,1605.27,38.38,Debit Card,Partially Paid
B1570,P169,A0616,2025-01-18,1200.0,2934.57,1742.6,145.51,1681.94,4049.72,Credit Card,Partially Paid
B1571,P098,A1586,2026-04-10,700.0,2648.3,925.3,394.73,872.38,3006.49,Cash,Paid
B1572,P252,A0717,2025-09-24,800.0,2496.81,184.13,422.23,580.35,2478.36,Debit Card,Pending
B1573,P143,A0933,2026-12-27,600.0,534.07,88.11,436.56,1064.59,0.0,Debit Card,Partially Paid
B1574,P185,A0431,2026-12-23,1200.0,2956.84,1958.03,283.56,582.48,5248.83,Insurance,Paid
B1575,P272,A0453,2025-01-16,1200.0,1193.54,142.22,10.21,1682.86,842.69,Debit Card,Pending
B1576,P283,A0443,2025-11-02,900.0,2404.51,995.74,304.02,48.12,3948.11,Insurance,Partially Paid
B1577,P197,A0018,2025-01-13,900.0,664.38,1748.06,26.12,1224.03,2062.29,Insurance,Paid
B1578,P121,A0814,2026-03-19,600.0,558.92,186.29,69.37,856.92,418.92,UPI,Partially Paid
B1579,P193,A0861,2026-07-08,700.0,1379.43,1722.84,217.57,803.32,2781.38,Insurance,Partially Paid
B1580,P112,A0301,2026-04-07,700.0,545.61,269.61,61.15,182.85,1271.22,UPI,Paid
B1581,P155,A1490,2026-08-15,700.0,464.66,1577.01,160.36,268.66,2312.65,UPI,Paid
B1582,P297,A0080,2025-06-04,700.0,2098.96,35.54,154.31,772.03,1908.16,Debit Card,Paid
B1583,P216,A1142,2026-07-21,900.0,2341.93,578.54,85.29,383.46,3351.72,Credit Card,Pending
B1584,P214,A1154,2025-03-18,900.0,2624.43,1060.69,258.76,886.99,3439.37,Insurance,Pending
B1585,P182,A1208,2025-06-18,1200.0,2788.05,1429.19,135.28,996.7,4285.26,Debit Card,Paid
B1586,P086,A1700,2025-12-25,800.0,1080.02,1204.89,295.33,946.33,1843.25,Cash,Partially Paid
B1587,P012,A0945,2025-08-25,800.0,1737.23,600.19,119.63,1177.77,1840.02,Cash,Pending
B1588,P155,A0975,2025-02-11,1200.0,0.51,1506.84,139.51,1528.93,1038.91,UPI,Pending
B1589,P093,A1917,2026-10-16,900.0,2555.94,1579.81,370.07,55.51,4610.17,UPI,Paid
B1590,P018,A1984,2025-06-19,1200.0,708.14,524.6,417.14,1415.96,599.64,Insurance,Paid
B1591,P252,A1992,2026-07-07,1200.0,1206.42,951.59,346.32,1620.3,1391.39,Debit Card,Paid
B1592,P276,A1762,2026-04-15,700.0,1284.87,192.27,376.9,221.18,1579.06,Debit Card,Partially Paid
B1593,P273,A0177,2026-02-24,600.0,67.31,1659.87,353.8,1573.42,399.96,Insurance,Pending
B1594,P236,A1115,2025-03-29,1200.0,2076.95,460.52,423.65,1988.8,1325.02,Credit Card,Partially Paid
B1595,P175,A1067,2025-08-01,900.0,693.24,1516.67,218.29,54.61,2837.01,UPI,Partially Paid
B1596,P194,A1452,2025-02-18,900.0,257.4,780.37,252.82,666.78,1018.17,Debit Card,Paid
B1597,P207,A0650,2025-12-06,700.0,1479.47,1907.25,302.26,157.1,3627.36,Insurance,Partially Paid
B1598,P208,A0153,2025-11-05,800.0,2113.22,1734.68,332.12,420.77,3895.01,UPI,Paid
B1599,P061,A1991,2026-10-27,800.0,986.18,1070.95,22.22,393.23,2441.68,Credit Card,Pending
B1600,P147,A0826,2026-12-21,600.0,1933.73,1525.06,136.5,326.75,3595.54,UPI,Paid
B1601,P118,A1592,2026-04-13,1200.0,145.9,1861.38,438.05,1951.33,817.9,UPI,Pending
B1602,P037,A0015,2026-09-17,900.0,692.65,199.43,478.68,1490.29,0.0,Cash,Partially Paid
B1603,P111,A0837,2026-07-03,900.0,1808.63,141.64,173.93,1935.1,741.24,UPI,Paid
B1604,P066,A0981,2026-01-19,1200.0,1794.43,1572.81,280.73,378.9,3907.61,Debit Card,Paid
B1605,P003,A0256,2026-07-15,600.0,494.7,149.36,396.85,1106.81,0.0,Debit Card,Partially Paid
B1606,P240,A0135,2025-09-20,700.0,828.87,1393.98,414.14,942.29,1566.42,Insurance,Paid
B1607,P075,A1889,2025-03-25,700.0,339.93,1615.62,129.77,631.83,1893.95,Debit Card,Pending
B1608,P239,A1947,2025-07-03,600.0,2070.86,1995.84,432.37,408.31,3826.02,Insurance,Partially Paid
B1609,P247,A0185,2026-08-11,800.0,1326.25,1822.71,398.8,1299.12,2251.04,Debit Card,Pending
B1610,P226,A0263,2025-03-28,700.0,408.9,461.88,446.24,275.32,849.22,Credit Card,Paid
B1611,P279,A1678,2026-04-06,1200.0,2906.56,1548.09,415.2,570.0,4669.45,Debit Card,Partially Paid
B1612,P244,A1309,2025-11-14,600.0,2430.22,846.31,79.71,1286.8,2510.02,Credit Card,Pending
B1613,P151,A0897,2025-06-22,800.0,2328.58,1441.38,461.02,1189.17,2919.77,UPI,Paid
B1614,P004,A0252,2026-12-13,900.0,59.44,1554.32,384.17,1182.33,947.26,UPI,Paid
B1615,P038,A0863,2025-03-13,900.0,1594.54,67.42,469.81,1338.38,753.77,UPI,Pending
B1616,P029,A0449,2025-05-30,800.0,1599.12,1689.03,31.41,1830.39,2226.35,Insurance,Pending
B1617,P195,A1472,2026-10-29,900.0,1915.08,718.25,446.02,939.71,2147.6,Credit Card,Paid
B1618,P133,A0130,2026-06-05,600.0,399.28,1590.89,22.88,1361.47,1205.82,Insurance,Paid
B1619,P157,A1862,2025-11-10,600.0,705.8,650.58,69.77,1976.19,0.0,Credit Card,Paid
B1620,P271,A0446,2025-12-06,800.0,2288.43,1390.15,40.67,717.43,3720.48,Insurance,Paid
B1621,P012,A1353,2025-11-29,600.0,2126.98,1216.33,370.69,160.21,3412.41,Debit Card,Partially Paid
B1622,P153,A1481,2025-07-30,700.0,1963.06,1744.93,5.28,494.41,3908.3,Credit Card,Pending
B1623,P212,A1438,2026-03-18,900.0,1931.61,1686.55,129.5,1578.67,2809.99,Debit Card,Partially Paid
B1624,P234,A1186,2026-06-18,600.0,238.39,1799.05,210.39,710.94,1716.11,Debit Card,Partially Paid
B1625,P023,A0644,2026-12-20,800.0,1788.2,1721.98,118.71,80.79,4110.68,Debit Card,Partially Paid
B1626,P034,A1874,2026-11-10,800.0,1287.07,1605.78,139.46,609.65,2943.74,Cash,Paid
B1627,P212,A1438,2026-03-18,900.0,1356.15,207.59,1.47,345.34,2116.93,Debit Card,Paid
B1628,P246,A0920,2026-04-02,900.0,1548.7,343.18,456.31,528.28,1807.29,Cash,Pending
B1629,P268,A1049,2026-11-28,600.0,1952.29,1896.69,454.01,1555.46,2439.51,Credit Card,Pending
B1630,P196,A0380,2026-06-25,900.0,2415.99,973.53,367.06,378.75,3543.71,UPI,Partially Paid
B1631,P263,A1086,2025-11-11,600.0,2872.72,1648.22,274.44,1710.9,3135.6,Cash,Partially Paid
B1632,P246,A0920,2026-04-02,900.0,2077.55,1707.81,412.04,1647.22,2626.1,UPI,Partially Paid
B1633,P206,A0541,2026-06-03,600.0,1644.34,1525.99,87.12,1773.74,1909.47,Credit Card,Pending
B1634,P207,A0650,2025-12-06,700.0,466.71,1402.68,37.26,302.23,2229.9,UPI,Paid
B1635,P143,A1591,2026-11-08,700.0,57.05,1944.66,372.89,1701.52,627.3,Debit Card,Paid
B1636,P104,A1670,2025-06-09,700.0,2856.12,1319.47,157.51,152.43,4565.65,UPI,Partially Paid
B1637,P024,A1006,2025-04-13,800.0,1902.34,985.11,476.33,1002.93,2208.19,UPI,Pending
B1638,P226,A0938,2025-05-01,1200.0,55.89,1139.82,131.83,1385.99,877.89,Insurance,Paid
B1639,P147,A0826,2026-12-21,600.0,1564.59,1979.81,498.47,1410.53,2235.4,Credit Card,Pending
B1640,P268,A0260,2026-07-04,800.0,623.62,164.88,392.36,1995.92,0.0,Insurance,Paid
B1641,P198,A0271,2025-11-21,700.0,1634.43,850.17,380.59,199.16,2604.85,Debit Card,Pending
B1642,P195,A0195,2025-05-01,800.0,2881.41,1634.13,491.5,587.54,4236.5,Debit Card,Partially Paid
B1643,P009,A1774,2025-10-05,900.0,979.6,814.63,387.26,1433.93,873.04,Insurance,Paid
B1644,P141,A0176,2026-11-22,900.0,900.52,1862.09,322.21,157.16,3183.24,Debit Card,Partially Paid
B1645,P011,A1941,2026-03-15,700.0,2649.83,295.94,312.73,689.77,2643.27,Debit Card,Pending
B1646,P037,A0663,2026-07-26,600.0,633.85,66.76,337.88,588.77,373.96,Debit Card,Paid
B1647,P160,A0724,2025-02-14,700.0,2085.03,1236.19,255.42,1352.2,2413.6,Cash,Paid
B1648,P078,A1245,2026-08-04,600.0,2614.36,364.36,302.36,878.71,2397.65,Insurance,Paid
B1649,P272,A1210,2025-11-07,1200.0,2756.17,758.73,483.49,1294.35,2937.06,UPI,Partially Paid
B1650,P295,A1456,2026-01-01,900.0,335.17,1610.1,492.32,83.08,2269.87,Cash,Pending
B1651,P017,A1840,2026-11-04,800.0,2628.07,435.99,300.01,256.33,3307.72,Credit Card,Partially Paid
B1652,P254,A0843,2026-04-16,700.0,2571.41,1778.52,157.82,1810.95,3081.16,Insurance,Paid
B1653,P176,A0834,2025-06-07,1200.0,2714.54,989.27,381.07,1919.09,2603.65,Cash,Partially Paid
B1654,P187,A0742,2026-12-08,600.0,933.91,136.32,233.25,460.75,976.23,Insurance,Pending
B1655,P069,A1688,2026-04-21,700.0,1165.85,1706.51,181.65,1401.71,1989.0,Debit Card,Partially Paid
B1656,P182,A1208,2025-06-18,1200.0,2498.91,361.74,36.06,675.93,3348.66,Debit Card,Pending
B1657,P234,A1261,2026-10-03,700.0,1157.89,1856.5,443.04,1538.89,1732.46,Credit Card,Paid
B1658,P273,A0909,2026-03-01,700.0,2260.42,1239.3,456.44,1712.14,2031.14,UPI,Paid
B1659,P153,A1770,2025-09-12,800.0,303.95,1210.22,229.85,1691.18,393.14,Insurance,Paid
B1660,P139,A1422,2025-06-04,1200.0,1811.77,729.39,155.48,1550.13,2035.55,UPI,Partially Paid
B1661,P277,A0851,2026-11-28,700.0,490.64,806.96,167.28,602.03,1228.29,Credit Card,Pending
B1662,P075,A1849,2025-03-09,600.0,909.57,963.3,178.06,153.96,2140.85,Insurance,Paid
B1663,P201,A0634,2026-05-04,700.0,2371.39,1548.81,225.04,1384.15,3011.01,UPI,Pending
B1664,P158,A1943,2026-10-07,800.0,1320.25,1745.23,467.67,1518.29,1879.52,Credit Card,Partially Paid
B1665,P053,A1162,2025-01-26,700.0,428.3,1267.93,304.55,1212.53,879.15,Credit Card,Paid
B1666,P065,A1246,2026-12-18,600.0,57.0,459.26,80.11,1852.62,0.0,Cash,Paid
B1667,P041,A0703,2026-12-14,700.0,1943.25,602.48,35.85,269.43,2940.45,UPI,Paid
B1668,P143,A0376,2026-08-19,900.0,2024.8,1191.27,328.51,1159.01,2628.55,Debit Card,Partially Paid
B1669,P070,A0657,2025-02-08,900.0,271.49,109.14,173.97,1036.17,70.49,Debit Card,Partially Paid
B1670,P148,A1649,2025-11-30,800.0,1730.27,1138.29,168.52,786.78,2713.26,Insurance,Paid
B1671,P229,A0653,2025-03-27,900.0,931.09,1934.92,325.28,1873.93,1566.8,Cash,Partially Paid
B1672,P276,A1655,2026-03-31,800.0,2037.94,1129.61,303.69,110.5,3553.36,Cash,Partially Paid
B1673,P163,A0409,2026-08-10,900.0,918.02,1401.64,337.07,380.18,2502.41,UPI,Paid
B1674,P070,A0352,2025-09-10,1200.0,168.37,912.3,119.95,1673.89,486.83,Debit Card,Partially Paid
B1675,P198,A1891,2025-09-24,600.0,1898.07,12.26,75.97,926.03,1508.33,Credit Card,Pending
B1676,P016,A1983,2025-03-19,700.0,853.69,1022.14,177.51,568.55,1829.77,Debit Card,Pending
B1677,P116,A0534,2026-12-23,800.0,1373.36,34.37,3.38,152.69,2051.66,Cash,Partially Paid
B1678,P175,A0035,2025-06-30,1200.0,2349.57,761.87,380.44,50.46,3880.54,Debit Card,Paid
B1679,P033,A0952,2026-10-03,800.0,151.08,257.99,197.17,658.31,353.59,Debit Card,Partially Paid
B1680,P023,A1982,2025-06-06,900.0,1956.93,1157.99,129.28,1533.2,2352.44,Cash,Partially Paid
B1681,P057,A0276,2025-11-09,600.0,929.05,871.99,120.25,1574.1,706.69,Cash,Pending
B1682,P028,A0178,2025-09-25,1200.0,2364.77,1608.63,415.67,1418.97,3338.76,Debit Card,Partially Paid
B1683,P152,A1360,2025-05-09,800.0,1985.09,284.38,327.63,1249.02,1492.82,UPI,Pending
B1684,P143,A0376,2026-08-19,900.0,88.03,1745.03,233.12,1401.46,1098.48,Insurance,Paid
B1685,P123,A1076,2025-02-18,1200.0,1883.05,634.18,484.58,1960.02,1272.63,Credit Card,Pending
B1686,P254,A0809,2026-05-28,700.0,570.91,337.78,22.4,1619.25,0.0,Debit Card,Partially Paid
B1687,P261,A1214,2026-11-23,900.0,712.09,1718.61,195.94,327.02,2807.74,Cash,Pending
B1688,P219,A1648,2025-08-10,1200.0,2975.37,1282.24,16.54,565.15,4875.92,Insurance,Paid
B1689,P284,A1976,2026-06-17,900.0,2262.97,1104.15,330.74,1231.65,2704.73,UPI,Partially Paid
B1690,P084,A0188,2025-01-11,800.0,2575.81,1699.3,255.55,1044.27,3775.29,Credit Card,Paid
B1691,P092,A1712,2026-12-27,600.0,2125.02,1276.26,149.15,1518.17,2333.96,UPI,Pending
B1692,P198,A1891,2025-09-24,600.0,739.19,1233.53,281.94,1158.21,1132.57,Debit Card,Paid
B1693,P286,A0496,2025-09-29,900.0,793.4,96.15,190.27,1595.75,3.53,UPI,Pending
B1694,P095,A0597,2025-07-08,1200.0,2144.97,712.41,231.01,468.22,3358.15,Credit Card,Paid
B1695,P284,A1976,2026-06-17,900.0,2999.41,1718.98,240.58,975.48,4402.33,Cash,Partially Paid
B1696,P084,A0188,2025-01-11,800.0,690.85,1551.07,233.31,183.96,2624.65,Debit Card,Pending
B1697,P261,A1214,2026-11-23,900.0,424.21,540.43,115.88,882.28,866.48,Cash,Paid
B1698,P249,A1117,2025-11-17,700.0,1808.7,273.34,193.57,909.31,1679.16,Cash,Pending
B1699,P247,A1799,2025-11-23,900.0,2869.32,1990.61,3.07,1906.45,3850.41,Credit Card,Partially Paid
B1700,P005,A1707,2025-07-13,800.0,2550.95,1735.33,175.83,67.62,4842.83,Debit Card,Pending
B1701,P164,A0529,2025-11-03,900.0,2502.52,1416.23,475.53,226.8,4116.42,Cash,Pending
B1702,P294,A0693,2026-10-14,600.0,2420.55,203.48,282.47,829.22,2112.34,Cash,Paid
B1703,P020,A1250,2026-04-24,600.0,1887.74,1620.64,47.9,307.43,3753.05,Debit Card,Paid
B1704,P265,A0007,2025-09-26,1200.0,1915.82,248.47,413.88,1464.75,1485.66,Cash,Pending
B1705,P087,A0076,2025-09-02,700.0,1841.43,596.04,292.72,1023.81,1820.94,Insurance,Pending
B1706,P172,A0974,2025-07-01,1200.0,1444.34,1665.41,24.89,210.54,4074.32,Cash,Pending
B1707,P233,A0831,2025-05-30,1200.0,2396.28,1901.34,349.73,100.51,5047.38,Credit Card,Partially Paid
B1708,P215,A1508,2025-01-01,1200.0,2782.28,1149.22,208.47,998.3,3924.73,Debit Card,Pending
B1709,P100,A1739,2026-10-21,900.0,832.52,971.58,499.48,1062.69,1141.93,Cash,Paid
B1710,P274,A0122,2026-07-15,900.0,1944.96,227.1,36.53,1869.94,1165.59,UPI,Partially Paid
B1711,P018,A0679,2026-12-01,600.0,1769.06,1728.32,144.23,748.12,3205.03,UPI,Pending
B1712,P215,A1508,2025-01-01,1200.0,2509.55,752.81,379.2,463.41,3619.75,Cash,Pending
B1713,P064,A0900,2025-01-29,900.0,2706.48,205.37,66.18,1396.85,2348.82,Cash,Partially Paid
B1714,P268,A1469,2026-06-04,900.0,2469.33,1623.48,90.07,1211.81,3690.93,Cash,Partially Paid
B1715,P116,A0510,2026-12-30,800.0,191.75,975.19,193.49,1871.9,0.0,UPI,Partially Paid
B1716,P092,A0624,2025-05-26,600.0,426.01,54.38,169.91,1413.33,0.0,Insurance,Pending
B1717,P218,A0710,2025-07-06,700.0,1729.58,398.21,450.87,1048.82,1328.1,Cash,Partially Paid
B1718,P104,A1628,2025-09-17,800.0,2054.74,898.01,298.71,870.68,2583.36,Debit Card,Pending
B1719,P296,A0025,2026-12-30,1200.0,2946.28,1703.64,20.49,514.4,5315.03,UPI,Partially Paid
B1720,P061,A1991,2026-10-27,800.0,224.51,1979.98,123.51,1517.86,1363.12,Insurance,Paid
B1721,P202,A1355,2025-05-23,600.0,2345.71,296.36,230.99,809.69,2201.39,Debit Card,Partially Paid
B1722,P200,A1272,2025-04-12,800.0,1877.58,632.83,290.21,612.32,2407.88,Debit Card,Pending
B1723,P120,A1908,2026-10-29,800.0,230.9,37.31,155.67,1621.91,0.0,UPI,Paid
B1724,P181,A0847,2025-05-22,800.0,989.95,1277.35,54.79,1375.43,1637.08,Debit Card,Pending
B1725,P151,A1367,2026-10-27,1200.0,1152.67,74.04,203.51,1762.6,460.6,Cash,Paid
B1726,P012,A0945,2025-08-25,800.0,411.28,1091.83,124.93,352.03,1826.15,Debit Card,Paid
B1727,P103,A0918,2026-08-10,700.0,1842.19,733.35,28.66,1393.91,1852.97,Cash,Pending
B1728,P258,A0489,2026-01-21,600.0,618.01,885.33,48.85,1179.39,875.1,Debit Card,Partially Paid
B1729,P285,A0104,2026-07-06,900.0,924.1,296.71,421.86,1274.13,424.82,Insurance,Pending
B1730,P169,A0848,2025-10-08,600.0,2979.51,1693.94,84.95,1.13,5187.37,UPI,Paid
B1731,P197,A0812,2026-11-16,600.0,2368.93,587.88,426.53,528.66,2601.62,Credit Card,Partially Paid
B1732,P042,A1910,2026-04-01,700.0,2479.64,435.45,37.23,1421.14,2156.72,UPI,Partially Paid
B1733,P107,A0157,2026-04-30,1200.0,56.81,1751.58,388.58,1158.88,1460.93,Debit Card,Paid
B1734,P065,A0542,2025-04-22,1200.0,313.82,316.15,204.96,158.71,1466.3,UPI,Paid
B1735,P282,A1044,2025-06-10,600.0,824.22,1173.79,408.32,1850.21,339.48,Credit Card,Paid
B1736,P209,A0466,2025-11-04,700.0,270.78,691.44,63.66,406.07,1192.49,Credit Card,Partially Paid
B1737,P240,A0972,2026-05-09,700.0,921.65,731.96,143.09,1970.42,240.1,UPI,Partially Paid
B1738,P289,A0628,2025-08-17,1200.0,501.32,58.29,380.48,1004.94,374.19,Debit Card,Partially Paid
B1739,P201,A1998,2026-06-18,800.0,601.98,1695.89,248.19,1673.67,1176.01,Credit Card,Pending
B1740,P122,A1001,2025-11-26,900.0,1014.84,1652.14,63.47,965.11,2538.4,Credit Card,Paid
B1741,P234,A1981,2026-08-31,900.0,1868.23,1091.86,282.63,1905.06,1672.4,Debit Card,Paid
B1742,P037,A1795,2026-05-03,900.0,1295.69,1665.16,265.14,14.77,3580.94,Debit Card,Partially Paid
B1743,P267,A1838,2025-10-21,700.0,21.59,9.32,261.13,1853.68,0.0,Credit Card,Paid
B1744,P132,A1681,2025-01-12,700.0,1805.1,998.96,342.74,692.04,2469.28,Credit Card,Pending
B1745,P029,A0449,2025-05-30,800.0,2203.56,1504.44,476.19,832.37,3199.44,Insurance,Partially Paid
B1746,P268,A1364,2025-10-19,800.0,621.18,476.2,433.86,160.79,1302.73,Insurance,Pending
B1747,P136,A1189,2025-08-18,900.0,2847.83,1694.6,120.89,976.25,4345.29,Cash,Paid
B1748,P268,A0790,2025-08-22,1200.0,430.67,1162.95,57.04,551.47,2185.11,Cash,Paid
B1749,P271,A0725,2026-07-03,800.0,1173.89,619.83,418.85,1447.49,727.38,Insurance,Paid
B1750,P091,A1930,2025-11-03,600.0,260.58,788.92,27.67,420.09,1201.74,UPI,Pending
B1751,P114,A1807,2025-03-06,700.0,1225.99,8.2,58.98,508.99,1366.22,UPI,Paid
B1752,P258,A1526,2025-06-04,700.0,1078.34,1498.98,395.32,1904.94,977.06,Credit Card,Pending
B1753,P024,A0081,2025-03-16,700.0,2723.13,1161.71,358.79,672.29,3553.76,Debit Card,Partially Paid
B1754,P087,A1444,2025-05-28,700.0,312.29,1939.82,115.59,1866.14,970.38,UPI,Pending
B1755,P136,A0229,2025-05-31,800.0,1394.1,1088.84,7.12,1467.15,1808.67,Debit Card,Partially Paid
B1756,P289,A0628,2025-08-17,1200.0,1468.91,732.35,284.23,503.82,2613.21,Debit Card,Paid
B1757,P151,A0131,2026-09-24,1200.0,2594.82,1382.58,69.09,1951.19,3157.12,Cash,Partially Paid
B1758,P177,A1598,2025-07-26,800.0,2033.33,1648.89,453.78,1641.7,2386.74,UPI,Pending
B1759,P156,A1091,2026-10-29,800.0,2895.09,714.61,184.04,35.69,4189.97,Insurance,Pending
B1760,P129,A0647,2026-10-20,1200.0,2753.11,1593.16,184.61,1589.28,3772.38,Debit Card,Pending
B1761,P272,A1863,2026-05-05,1200.0,2690.59,3.8,153.06,362.11,3379.22,UPI,Partially Paid
B1762,P180,A0738,2025-03-30,1200.0,2658.19,1881.62,318.3,375.18,5046.33,Insurance,Pending
B1763,P294,A1584,2025-09-10,700.0,265.4,352.52,276.12,1611.97,0.0,Insurance,Pending
B1764,P229,A1534,2026-04-24,900.0,562.96,1039.76,472.84,653.68,1376.2,Debit Card,Paid
B1765,P019,A1233,2026-02-11,800.0,1060.06,161.45,311.04,509.96,1200.51,Credit Card,Pending
B1766,P143,A0933,2026-12-27,600.0,2311.82,146.15,37.16,867.9,2152.91,Cash,Pending
B1767,P116,A0652,2026-12-11,1200.0,2219.79,1844.67,389.29,903.46,3971.71,Credit Card,Pending
B1768,P103,A1931,2025-09-21,700.0,2316.18,24.49,171.53,807.57,2061.57,UPI,Partially Paid
B1769,P138,A1545,2025-07-16,900.0,492.47,1126.45,376.83,1673.01,469.08,Debit Card,Partially Paid
B1770,P291,A1728,2026-02-15,900.0,479.66,1579.79,413.09,895.67,1650.69,Insurance,Paid
B1771,P143,A1591,2026-11-08,700.0,166.12,611.42,392.78,863.0,221.76,Debit Card,Pending
B1772,P055,A0520,2025-04-17,800.0,458.11,1956.43,363.24,103.85,2747.45,Credit Card,Partially Paid
B1773,P037,A0015,2026-09-17,900.0,997.76,678.35,418.79,300.16,1857.16,Insurance,Partially Paid
B1774,P194,A0994,2025-08-08,700.0,1212.93,1112.21,334.06,364.76,2326.32,Credit Card,Pending
B1775,P116,A0510,2026-12-30,800.0,2443.43,924.72,398.15,1438.59,2331.41,Insurance,Partially Paid
B1776,P016,A0353,2025-07-06,900.0,2057.54,1318.19,310.52,1200.78,2764.43,Cash,Partially Paid
B1777,P103,A0918,2026-08-10,700.0,1649.12,1959.73,98.32,1581.11,2629.42,Insurance,Pending
B1778,P299,A1631,2025-12-12,800.0,834.35,1367.24,140.17,759.47,2101.95,UPI,Paid
B1779,P014,A0949,2025-06-28,800.0,254.32,887.46,168.06,706.27,1067.45,Credit Card,Pending
B1780,P057,A0276,2025-11-09,600.0,1300.77,1840.47,440.11,721.87,2579.26,Cash,Paid
B1781,P065,A0661,2026-08-03,900.0,1170.71,1657.54,386.77,817.95,2523.53,Credit Card,Paid
B1782,P181,A0847,2025-05-22,800.0,1616.06,296.91,262.85,1375.15,1074.97,Cash,Partially Paid
B1783,P232,A0001,2026-09-05,900.0,623.56,1316.12,107.13,1340.41,1392.14,Insurance,Partially Paid
B1784,P183,A1988,2025-08-30,800.0,1719.78,875.75,135.3,1482.93,1777.3,Credit Card,Paid
B1785,P022,A0681,2025-11-28,800.0,2456.85,769.94,261.66,757.55,3007.58,Cash,Paid
B1786,P266,A1443,2026-07-30,1200.0,2612.81,539.76,27.56,1063.67,3261.34,Credit Card,Partially Paid
B1787,P049,A1746,2025-08-31,700.0,2746.1,587.24,142.63,223.56,3667.15,Cash,Partially Paid
B1788,P033,A1103,2026-03-27,900.0,2787.09,1213.6,173.37,850.72,3876.6,Cash,Partially Paid
B1789,P282,A0211,2026-07-14,1200.0,2039.88,668.92,178.64,706.95,3023.21,UPI,Pending
B1790,P267,A0289,2026-09-17,900.0,1343.45,1805.64,462.71,615.0,2971.38,Credit Card,Pending
B1791,P080,A0028,2026-08-15,700.0,599.44,179.34,25.29,729.32,724.17,Insurance,Pending
B1792,P226,A1872,2025-12-16,900.0,2014.66,1521.89,75.01,1100.35,3261.19,Credit Card,Partially Paid
B1793,P148,A0063,2026-07-13,800.0,1300.17,944.94,193.47,199.25,2652.39,Insurance,Pending
B1794,P123,A0970,2026-07-23,1200.0,1351.73,557.81,16.55,516.87,2576.12,Credit Card,Pending
B1795,P073,A0639,2026-01-28,800.0,156.6,1541.91,134.57,364.74,1999.2,Insurance,Pending
B1796,P216,A1596,2025-06-05,600.0,2115.82,1209.93,73.08,854.6,2998.07,UPI,Paid
B1797,P150,A0613,2026-10-15,900.0,2883.34,1776.68,485.8,1508.53,3565.69,Cash,Paid
B1798,P122,A1501,2026-03-06,800.0,1658.32,661.8,254.4,1329.09,1536.63,UPI,Partially Paid
B1799,P163,A0409,2026-08-10,900.0,2201.4,1421.53,495.77,1781.19,2245.97,Insurance,Partially Paid
B1800,P027,A1430,2025-06-20,700.0,2296.19,588.49,442.96,24.25,3117.47,Credit Card,Pending
B1801,P267,A0538,2025-11-23,900.0,2947.52,1333.96,130.28,434.15,4617.05,Credit Card,Partially Paid
B1802,P138,A1832,2025-04-21,900.0,909.59,268.95,400.59,1978.69,0.0,UPI,Paid
B1803,P183,A0253,2026-10-28,900.0,2690.32,725.02,334.29,1653.08,2327.97,Debit Card,Paid
B1804,P079,A0392,2026-12-23,1200.0,2278.98,753.25,77.45,264.1,3890.68,Cash,Pending
B1805,P217,A1533,2026-07-21,700.0,1913.48,1983.13,75.58,1060.81,3460.22,Debit Card,Pending
B1806,P128,A0913,2025-12-07,1200.0,2954.32,629.88,149.7,1140.39,3494.11,Cash,Partially Paid
B1807,P190,A1178,2026-09-22,700.0,442.62,711.98,267.18,418.12,1169.3,Cash,Paid
B1808,P096,A1134,2025-08-23,1200.0,1515.27,986.27,418.77,34.03,3248.74,Cash,Pending
B1809,P015,A1573,2026-12-06,900.0,2549.78,1552.51,244.04,1695.97,3062.28,UPI,Partially Paid
B1810,P264,A0047,2026-03-16,800.0,476.98,1208.34,20.26,1533.48,931.58,Insurance,Partially Paid
B1811,P268,A1364,2025-10-19,800.0,189.05,1377.71,444.43,1096.02,826.31,UPI,Pending
B1812,P260,A1600,2025-10-04,1200.0,250.95,1559.38,427.56,643.59,1939.18,Cash,Paid
B1813,P276,A1887,2026-08-08,600.0,2281.77,677.74,348.98,1052.56,2157.97,UPI,Paid
B1814,P276,A1655,2026-03-31,800.0,1078.11,1996.47,130.96,1130.21,2613.41,Debit Card,Partially Paid
B1815,P180,A1703,2025-04-01,900.0,2057.79,677.64,295.22,1685.61,1654.6,Credit Card,Partially Paid
B1816,P271,A1226,2026-06-06,900.0,226.61,103.66,354.51,703.76,172.0,Cash,Paid
B1817,P242,A0322,2026-01-15,900.0,2190.18,188.92,276.41,1542.69,1460.0,Insurance,Pending
B1818,P219,A1682,2026-06-26,600.0,789.8,495.98,291.33,1100.39,494.06,Debit Card,Paid
B1819,P266,A1253,2026-02-24,900.0,956.15,526.09,360.49,1178.53,843.22,Cash,Paid
B1820,P123,A1316,2026-06-11,600.0,1060.63,441.92,387.68,1124.25,590.62,Credit Card,Partially Paid
B1821,P202,A1355,2025-05-23,600.0,659.88,1993.68,82.07,1875.77,1295.72,Credit Card,Pending
B1822,P280,A1224,2026-09-09,900.0,2908.82,1551.5,276.15,129.97,4954.2,Credit Card,Pending
B1823,P215,A0196,2025-10-09,800.0,821.96,791.69,407.54,1397.41,608.7,UPI,Paid
B1824,P201,A1998,2026-06-18,800.0,909.61,1622.67,105.91,1953.22,1273.15,Insurance,Paid
B1825,P257,A0245,2025-03-21,800.0,182.49,341.25,105.15,1415.85,0.0,Debit Card,Partially Paid
B1826,P287,A1505,2025-05-17,600.0,2024.05,1406.21,171.8,395.0,3463.46,Cash,Partially Paid
B1827,P161,A0038,2026-05-05,1200.0,2662.0,755.73,153.77,830.78,3633.18,Debit Card,Pending
B1828,P253,A0574,2025-10-23,900.0,984.62,191.74,257.92,757.02,1061.42,Credit Card,Paid
B1829,P252,A0604,2025-08-24,900.0,2768.67,367.43,462.49,225.74,3347.87,Cash,Pending
B1830,P209,A0583,2026-01-04,800.0,2365.04,621.01,292.09,1340.79,2153.17,Insurance,Pending
B1831,P177,A0537,2025-11-04,800.0,2023.81,924.79,420.26,824.07,2504.27,Credit Card,Paid
B1832,P187,A1194,2025-02-25,600.0,2727.07,1198.15,435.35,1521.81,2568.06,Insurance,Partially Paid
B1833,P228,A1861,2025-08-03,700.0,1497.66,1037.11,86.72,1759.85,1388.2,Cash,Pending
B1834,P263,A0026,2026-03-25,900.0,1776.91,772.54,252.71,1546.23,1650.51,Debit Card,Paid
B1835,P251,A0123,2025-06-25,800.0,1489.69,1947.28,486.49,1039.43,2711.05,Credit Card,Paid
B1836,P045,A0654,2025-05-21,1200.0,1477.03,833.95,361.07,1538.39,1611.52,UPI,Paid
B1837,P151,A1005,2025-08-17,1200.0,1264.9,273.47,418.79,1591.44,728.14,UPI,Pending
B1838,P060,A1417,2026-03-18,800.0,2999.9,1592.31,63.35,1206.38,4122.48,UPI,Pending
B1839,P257,A0266,2025-10-31,800.0,1693.18,1739.44,311.16,1579.35,2342.11,Insurance,Partially Paid
B1840,P271,A0995,2025-10-31,900.0,1881.37,1524.84,179.08,1881.61,2245.52,Cash,Pending
B1841,P289,A1865,2026-10-27,1200.0,641.9,1969.67,363.08,411.45,3037.04,Insurance,Partially Paid
B1842,P206,A1175,2025-11-15,900.0,2188.53,430.65,49.39,1016.64,2453.15,Cash,Paid
B1843,P151,A0131,2026-09-24,1200.0,1288.99,890.86,455.27,1122.12,1802.46,Cash,Pending
B1844,P289,A0743,2025-08-01,600.0,1631.23,781.63,313.29,634.41,2065.16,Insurance,Paid
B1845,P144,A0828,2025-02-25,1200.0,2244.76,1398.62,492.91,1883.99,2466.48,Insurance,Partially Paid
B1846,P123,A0970,2026-07-23,1200.0,1420.85,157.24,72.32,1551.41,1154.36,Insurance,Partially Paid
B1847,P271,A1713,2026-10-20,800.0,609.74,866.01,302.14,324.45,1649.16,Credit Card,Pending
B1848,P299,A1605,2025-05-02,700.0,1904.3,1666.5,189.5,1049.26,3032.04,UPI,Paid
B1849,P070,A1817,2026-10-05,1200.0,850.43,962.77,137.49,1815.82,1059.89,Credit Card,Paid
B1850,P180,A1725,2026-09-05,600.0,67.29,1087.21,160.1,827.31,767.09,Debit Card,Partially Paid
B1851,P239,A0556,2026-01-26,600.0,2193.58,1936.24,291.34,627.61,3810.87,Insurance,Partially Paid
B1852,P110,A0500,2026-07-07,600.0,2537.55,1775.0,41.69,996.92,3873.94,Credit Card,Partially Paid
B1853,P241,A0911,2025-08-24,600.0,832.44,839.52,147.32,1349.23,775.41,Debit Card,Pending
B1854,P217,A1070,2025-09-06,600.0,847.74,1516.27,483.79,308.83,2171.39,Credit Card,Paid
B1855,P051,A0147,2026-07-05,800.0,379.39,1061.69,340.37,960.79,939.92,Cash,Partially Paid
B1856,P236,A1610,2026-04-27,900.0,791.34,1063.22,154.55,349.12,2250.89,Cash,Paid
B1857,P093,A1843,2025-06-17,800.0,1905.82,190.78,280.45,789.91,1826.24,Debit Card,Paid
B1858,P138,A1832,2025-04-21,900.0,1459.36,1853.31,136.38,1840.37,2235.92,Insurance,Pending
B1859,P146,A1583,2025-08-20,1200.0,223.5,1562.25,491.67,338.34,2155.74,Cash,Pending
B1860,P165,A0397,2026-03-05,1200.0,371.01,1078.75,249.81,1927.36,472.59,UPI,Paid
B1861,P153,A0148,2025-08-04,1200.0,336.58,246.75,128.73,1196.28,458.32,Credit Card,Paid
B1862,P049,A1746,2025-08-31,700.0,1229.6,1491.2,398.5,266.82,2755.48,UPI,Pending
B1863,P211,A0854,2025-11-10,600.0,1139.66,36.53,465.51,817.84,492.84,Cash,Paid
B1864,P043,A1645,2025-02-10,900.0,1236.76,115.42,322.7,1155.07,774.41,Cash,Partially Paid
B1865,P084,A0217,2025-07-29,900.0,1167.39,1229.77,75.42,613.7,2608.04,Cash,Paid
B1866,P153,A0148,2025-08-04,1200.0,2048.92,1055.62,222.42,821.82,3260.3,Credit Card,Pending
B1867,P168,A1634,2025-05-24,1200.0,2251.06,1062.02,452.04,985.81,3075.23,Cash,Paid
B1868,P247,A0985,2025-01-04,700.0,1747.28,411.42,202.93,27.05,2628.72,Cash,Paid
B1869,P225,A1691,2025-06-07,800.0,232.96,693.19,387.58,135.41,1203.16,Cash,Pending
B1870,P285,A0619,2026-03-25,900.0,65.54,490.16,330.04,386.44,739.22,Debit Card,Partially Paid
B1871,P008,A0184,2026-06-23,700.0,1189.11,470.77,85.27,1885.42,389.19,Cash,Pending
B1872,P038,A0155,2025-11-02,900.0,2497.2,1516.39,71.69,892.31,3949.59,UPI,Partially Paid
B1873,P202,A0687,2026-01-17,900.0,2321.76,1102.11,424.31,1510.83,2388.73,UPI,Partially Paid
B1874,P092,A0053,2025-12-31,900.0,343.1,1240.99,219.99,844.89,1419.21,Insurance,Partially Paid
B1875,P134,A1022,2025-09-01,800.0,2539.87,1744.69,499.4,208.8,4376.36,Credit Card,Pending
B1876,P141,A0176,2026-11-22,900.0,754.5,1037.13,60.99,814.01,1816.63,UPI,Paid
B1877,P300,A1449,2025-11-27,600.0,1196.74,1760.5,250.12,826.15,2480.97,Cash,Pending
B1878,P238,A1509,2025-10-08,900.0,2316.35,1031.34,0.87,1103.67,3143.15,Credit Card,Paid
B1879,P212,A0031,2025-07-13,700.0,1162.92,1934.15,364.96,319.12,3112.99,Cash,Pending
B1880,P048,A1176,2025-07-16,800.0,2179.87,1704.95,224.61,1388.05,3072.16,Debit Card,Partially Paid
B1881,P123,A0375,2025-04-03,900.0,2184.61,1688.39,439.86,1589.79,2743.35,Insurance,Partially Paid
B1882,P264,A0057,2025-12-19,700.0,1322.71,769.06,231.52,576.94,1983.31,Cash,Partially Paid
B1883,P180,A1725,2026-09-05,600.0,837.5,1463.49,275.55,1388.19,1237.25,Cash,Partially Paid
B1884,P156,A1602,2026-11-11,700.0,2755.56,14.21,30.34,1903.83,1535.6,UPI,Partially Paid
B1885,P251,A1734,2025-10-07,700.0,2697.22,942.68,92.89,1665.08,2581.93,Cash,Pending
B1886,P209,A0583,2026-01-04,800.0,2302.02,1801.08,365.13,223.24,4314.73,UPI,Paid
B1887,P282,A1658,2025-04-16,700.0,2684.6,1326.29,412.85,1032.81,3265.23,UPI,Pending
B1888,P140,A1211,2025-08-19,600.0,960.77,379.01,230.71,1534.44,174.63,Debit Card,Pending
B1889,P203,A0172,2026-05-03,600.0,419.06,1775.0,125.98,1387.25,1280.83,UPI,Paid
B1890,P065,A0585,2025-09-14,600.0,2978.05,164.4,339.02,444.55,2958.88,Cash,Pending
B1891,P289,A0112,2025-08-21,700.0,2975.85,5.34,265.4,1747.91,1667.88,Credit Card,Pending
B1892,P240,A1359,2026-10-19,900.0,652.87,1267.07,496.35,1958.93,364.66,Cash,Partially Paid
B1893,P093,A1572,2026-08-21,1200.0,862.23,115.59,384.02,538.3,1255.5,Cash,Paid
B1894,P131,A1928,2026-05-04,1200.0,1104.13,645.59,447.45,1397.85,1104.42,Insurance,Partially Paid
B1895,P245,A1665,2026-06-20,800.0,299.74,1640.95,222.04,1266.34,1252.31,Insurance,Pending
B1896,P139,A1408,2026-09-11,900.0,440.15,948.98,409.39,1724.19,155.55,Cash,Partially Paid
B1897,P040,A0694,2025-05-19,700.0,2506.14,1685.39,472.76,1559.86,2858.91,UPI,Pending
B1898,P067,A1352,2026-05-25,700.0,1462.04,1669.73,378.54,738.42,2714.81,Credit Card,Pending
B1899,P183,A1793,2025-04-13,1200.0,795.81,51.14,401.08,1325.98,319.89,Debit Card,Partially Paid
B1900,P089,A1107,2025-01-19,600.0,1652.73,131.12,142.78,805.35,1435.72,Insurance,Partially Paid
B1901,P268,A0260,2026-07-04,800.0,2405.15,775.34,124.12,1469.74,2386.63,Credit Card,Partially Paid
B1902,P096,A0649,2026-02-17,800.0,130.48,1592.33,440.43,1077.68,1004.7,Credit Card,Paid
B1903,P275,A0029,2026-08-29,900.0,1471.72,184.23,161.84,1599.49,794.62,Credit Card,Partially Paid
B1904,P047,A1503,2026-12-09,1200.0,2594.72,1664.57,465.61,782.37,4211.31,Cash,Pending
B1905,P270,A1311,2026-07-19,900.0,2011.32,1163.21,202.96,125.47,3746.1,Cash,Paid
B1906,P275,A1060,2025-07-17,600.0,1335.74,399.19,268.35,1701.22,365.36,Insurance,Partially Paid
B1907,P176,A0834,2025-06-07,1200.0,2380.9,334.07,435.14,975.46,2504.37,Debit Card,Partially Paid
B1908,P133,A0519,2026-09-16,800.0,923.51,1134.56,483.48,623.56,1751.03,Credit Card,Partially Paid
B1909,P095,A1307,2026-12-23,1200.0,2364.95,909.91,461.55,1773.4,2239.91,Insurance,Pending
B1910,P281,A1158,2026-02-05,600.0,1938.43,1830.75,465.25,385.49,3518.44,Insurance,Partially Paid
B1911,P166,A0802,2025-09-11,900.0,1633.71,84.44,240.41,573.15,1804.59,Credit Card,Partially Paid
B1912,P054,A0345,2025-10-15,600.0,2608.32,1302.52,287.51,1895.55,2327.78,Cash,Pending
B1913,P046,A0525,2026-03-31,800.0,2124.17,1623.8,321.36,758.19,3468.42,Credit Card,Pending
B1914,P009,A1774,2025-10-05,900.0,483.75,572.4,114.75,1458.43,382.97,Cash,Paid
B1915,P123,A1900,2025-05-09,900.0,1524.44,263.13,287.73,819.62,1580.22,Insurance,Pending
B1916,P147,A0128,2026-11-01,900.0,1308.34,1832.39,92.98,1093.93,2853.82,Cash,Paid
B1917,P190,A1827,2026-11-14,1200.0,2894.76,1198.87,33.72,733.1,4526.81,Credit Card,Paid
B1918,P233,A0831,2025-05-30,1200.0,2859.15,154.64,246.13,105.2,3862.46,Credit Card,Pending
B1919,P195,A1238,2026-03-28,600.0,1572.52,1899.69,420.94,1941.02,1710.25,Debit Card,Paid
B1920,P130,A0560,2026-09-16,1200.0,2002.86,1640.77,384.49,1406.57,3052.57,Cash,Partially Paid
B1921,P036,A1744,2025-06-08,1200.0,1775.69,1246.04,33.78,90.01,4097.94,Debit Card,Paid
B1922,P107,A1262,2026-11-15,900.0,975.19,697.55,284.67,17.45,2270.62,Credit Card,Pending
B1923,P106,A0793,2026-06-05,800.0,923.0,331.16,445.27,361.95,1246.94,Insurance,Paid
B1924,P277,A0417,2025-01-14,600.0,998.76,1456.78,197.87,819.06,2038.61,Debit Card,Paid
B1925,P277,A1834,2025-05-27,600.0,1805.6,1879.91,203.26,583.86,3498.39,Credit Card,Pending
B1926,P249,A1117,2025-11-17,700.0,1273.42,1626.01,333.88,533.35,2732.2,UPI,Pending
B1927,P181,A1374,2025-12-01,600.0,2784.21,1143.94,404.03,556.97,3567.15,Cash,Paid
B1928,P116,A1403,2025-07-23,900.0,1961.81,1032.64,274.92,846.65,2772.88,Credit Card,Pending
B1929,P189,A0223,2025-12-03,900.0,2624.46,1460.21,436.16,466.73,4081.78,Debit Card,Paid
B1930,P156,A1923,2026-01-05,800.0,2626.73,664.35,64.07,944.11,3082.9,Debit Card,Partially Paid
B1931,P262,A1283,2025-11-28,1200.0,2764.89,436.83,261.63,307.62,3832.47,Credit Card,Pending
B1932,P134,A1959,2025-01-13,600.0,189.66,189.21,311.49,1645.13,0.0,Credit Card,Paid
B1933,P251,A1028,2025-01-01,700.0,1244.47,366.58,479.8,763.41,1067.84,Credit Card,Paid
B1934,P049,A0438,2026-05-01,1200.0,1258.8,417.6,53.45,1817.6,1005.35,Cash,Paid
B1935,P055,A1254,2025-06-13,600.0,592.53,611.63,28.59,1830.77,0.0,Credit Card,Partially Paid
B1936,P093,A0023,2025-07-13,900.0,1076.83,831.28,297.86,921.72,1588.53,Insurance,Paid
B1937,P189,A0073,2025-06-28,800.0,1614.08,1332.57,95.09,1851.06,1800.5,Credit Card,Partially Paid
B1938,P077,A1902,2025-12-05,700.0,610.49,738.62,407.91,1026.94,614.26,Credit Card,Pending
B1939,P199,A1003,2026-09-26,600.0,1893.3,1828.16,449.03,864.69,3007.74,UPI,Pending
B1940,P181,A1883,2025-04-26,700.0,1799.37,480.65,130.43,1442.16,1407.43,Debit Card,Partially Paid
B1941,P081,A1052,2025-04-16,900.0,1536.72,1466.09,374.97,501.81,3026.03,UPI,Partially Paid
B1942,P163,A0409,2026-08-10,900.0,99.67,23.5,393.92,1323.1,0.0,Debit Card,Pending
B1943,P204,A1020,2026-08-21,1200.0,540.09,781.56,17.64,307.9,2196.11,Insurance,Partially Paid
B1944,P190,A1866,2025-03-07,800.0,1067.04,484.22,425.65,806.74,1118.87,Insurance,Pending
B1945,P083,A0426,2026-07-26,900.0,1697.77,1647.81,213.9,383.09,3648.59,Debit Card,Partially Paid
B1946,P292,A0928,2026-06-28,700.0,1817.26,1339.24,400.83,802.55,2653.12,Credit Card,Paid
B1947,P056,A0951,2026-02-22,800.0,1443.15,306.69,282.7,397.44,1869.7,UPI,Pending
B1948,P001,A0625,2026-09-07,1200.0,1818.71,708.13,258.96,1427.3,2040.58,Credit Card,Paid
B1949,P076,A1358,2026-05-11,800.0,1344.4,1663.68,388.21,579.06,2840.81,Cash,Pending
B1950,P157,A1040,2026-03-13,900.0,904.1,1919.06,430.26,1931.03,1361.87,Insurance,Paid
B1951,P280,A0365,2026-12-28,600.0,2621.59,1702.14,303.09,5.64,4615.0,Insurance,Pending
B1952,P099,A1124,2025-04-20,1200.0,567.56,1212.31,350.71,815.89,1813.27,Cash,Paid
B1953,P019,A1876,2025-10-11,600.0,1661.71,1115.33,434.44,1691.89,1250.71,Debit Card,Pending
B1954,P050,A0368,2025-08-11,1200.0,856.24,1102.73,255.45,1390.98,1512.54,Debit Card,Pending
B1955,P290,A1912,2025-05-12,600.0,2142.79,319.22,246.22,1912.89,902.9,Cash,Partially Paid
B1956,P116,A0652,2026-12-11,1200.0,1859.12,1753.86,315.32,1485.53,3012.13,Debit Card,Partially Paid
B1957,P248,A0343,2026-06-26,900.0,2300.23,1657.89,200.79,1510.22,3147.11,UPI,Paid
B1958,P197,A0018,2025-01-13,900.0,693.68,786.58,172.44,62.05,2145.77,Cash,Partially Paid
B1959,P164,A1821,2025-03-26,600.0,908.27,666.05,284.62,1892.43,0.0,Cash,Paid
B1960,P284,A0699,2025-07-18,1200.0,874.98,590.15,299.92,380.05,1985.16,Credit Card,Partially Paid
B1961,P087,A1554,2025-03-31,600.0,2075.54,1294.51,48.72,598.28,3323.05,Debit Card,Paid
B1962,P152,A1360,2025-05-09,800.0,959.24,1988.14,36.77,1516.26,2194.35,UPI,Pending
B1963,P145,A1401,2026-02-12,900.0,976.04,1260.73,240.17,688.48,2208.12,Debit Card,Partially Paid
B1964,P269,A1476,2025-03-31,1200.0,1657.06,1263.67,421.18,1903.68,1795.87,Debit Card,Pending
B1965,P105,A1893,2026-07-25,600.0,2342.91,502.53,214.59,835.52,2395.33,Insurance,Pending
B1966,P234,A1186,2026-06-18,600.0,1380.76,1687.68,105.4,856.16,2706.88,Debit Card,Pending
B1967,P274,A1934,2026-03-27,1200.0,2760.05,176.28,82.36,151.17,3902.8,Cash,Pending
B1968,P064,A0900,2025-01-29,900.0,2501.81,1779.91,395.82,50.23,4735.67,Insurance,Partially Paid
B1969,P147,A1698,2026-02-22,800.0,965.69,617.1,325.98,39.97,2016.84,Credit Card,Paid
B1970,P179,A0517,2025-02-23,1200.0,2768.88,314.05,418.58,1927.26,1937.09,Cash,Partially Paid
B1971,P015,A0164,2025-07-18,900.0,2777.51,361.6,213.06,813.73,3012.32,Credit Card,Partially Paid
B1972,P200,A1272,2025-04-12,800.0,2566.78,1570.57,432.21,1836.46,2668.68,Debit Card,Pending
B1973,P190,A0410,2025-12-13,1200.0,1922.89,877.23,94.16,1121.64,2784.32,Credit Card,Paid
B1974,P070,A0352,2025-09-10,1200.0,2721.57,886.71,69.29,1469.78,3269.21,Debit Card,Pending
B1975,P050,A0040,2026-11-03,600.0,198.41,220.85,51.88,541.77,425.61,Insurance,Pending
B1976,P120,A1789,2026-09-29,800.0,2830.21,31.35,351.7,297.19,3012.67,Insurance,Pending
B1977,P276,A0232,2026-10-23,1200.0,1458.44,244.76,302.71,575.79,2024.7,Cash,Paid
B1978,P294,A1148,2025-11-21,600.0,93.68,1698.55,155.69,223.77,2012.77,UPI,Partially Paid
B1979,P229,A0193,2025-12-24,900.0,2786.94,1398.86,340.09,846.1,3899.61,Cash,Paid
B1980,P280,A0203,2025-10-28,800.0,1743.21,791.44,333.68,328.12,2672.85,Credit Card,Partially Paid
B1981,P028,A1239,2026-11-18,900.0,2590.86,601.09,3.25,700.44,3388.26,Insurance,Pending
B1982,P125,A1485,2025-02-28,700.0,781.9,1234.29,414.45,496.46,1805.28,UPI,Partially Paid
B1983,P113,A1757,2025-06-04,900.0,1065.34,1400.67,143.16,401.35,2821.5,Credit Card,Paid
B1984,P147,A0826,2026-12-21,600.0,1402.42,766.24,353.85,447.22,1967.59,Insurance,Paid
B1985,P008,A0961,2026-12-09,600.0,56.55,1887.05,318.28,560.53,1664.79,Credit Card,Partially Paid
B1986,P089,A1331,2025-07-16,700.0,615.67,1995.18,232.37,1707.17,1371.31,Credit Card,Pending
B1987,P112,A0370,2026-09-01,1200.0,132.51,141.16,194.49,1834.45,0.0,Credit Card,Partially Paid
B1988,P209,A0583,2026-01-04,800.0,19.28,1372.59,102.87,994.32,1094.68,UPI,Partially Paid
B1989,P024,A1561,2026-09-02,800.0,313.0,1133.2,262.16,954.12,1029.92,Credit Card,Paid
B1990,P266,A1253,2026-02-24,900.0,149.91,1928.11,438.31,761.11,1778.6,Debit Card,Partially Paid
B1991,P082,A1659,2025-03-27,800.0,2220.55,1315.92,245.83,1619.62,2471.02,Insurance,Paid
B1992,P029,A0361,2026-09-13,1200.0,1970.36,670.74,370.64,30.58,3439.88,Cash,Pending
B1993,P061,A1544,2026-12-23,700.0,652.25,496.86,156.07,1165.49,527.55,Credit Card,Pending
B1994,P196,A1344,2025-09-16,700.0,1.15,1273.34,167.92,1338.92,467.65,Insurance,Partially Paid
B1995,P197,A0208,2026-06-20,600.0,843.68,82.17,394.51,1908.55,0.0,UPI,Partially Paid
B1996,P003,A0468,2025-03-21,1200.0,2279.42,156.76,452.4,1295.04,1888.74,Insurance,Pending
B1997,P096,A0769,2025-02-22,1200.0,1257.52,505.22,203.11,424.77,2334.86,Debit Card,Partially Paid
B1998,P054,A0240,2025-07-01,800.0,927.39,18.44,73.42,1092.23,580.18,Cash,Pending
B1999,P155,A0009,2026-07-21,700.0,1249.99,85.08,250.79,929.56,854.72,Credit Card,Partially Paid
B2000,P183,A1988,2025-08-30,800.0,2716.04,702.25,225.34,1224.4,2768.55,Debit Card,Partially Paid
